cat_user_id,cat_comment_time,cat_user_name,cat_user_comment,cat_user_pic,cat_score
,2019-03-10,疆山,"对观众免费开放，很棒的,。环境好，树木多，旁边还有一个大成殿供着孔子，大戏台一个，照相休闲的好去处，南昌一大特色,，必去之一。",,
,2019-02-21,凭什么飞,南昌当地文化的地标性建筑代表作,,
,2019-02-14,M30****8312,"有啥好玩的，来我大福州看白塔,报恩塔都比这个强，而且还进不去有啥意思，建议别去",,
,2019-02-11,程先生,"只有一座满清时期重修的宝塔，,被建成美",,
,2019-02-05,闲来有趣,"夜游南昌城，音乐喷泉，绳金塔，大成殿。 绳金塔，始建于唐天祐年间（公元904～907年），相传建塔前异僧惟一掘地得铁函一只，内有金绳四匝，古剑三把，还有金瓶一个，盛有舍利子三百粒，绳金塔因此而得名。绳金塔已有1100多年的历史，素有“水火既济，坐镇,”之说。",,
,2019-02-05,懒人旅游,这是一个平时人不太多，有庙会和节假日的时候人才会比较多，不是太有去得必要，就可以去逛逛，旁边是绳金塔。,,
,2019-01-29,M22****5638,还不错，鱼很多，怎么说呢，观赏还行,,
,2019-01-19,看溪人,从八一广场一直走过去的，冲着步行街，还冲着绳金塔。塔就在步行街里，免费参观。绳金塔古朴秀丽，具有中国江南建筑的典型艺术风格，自唐代始建至今，已有1100多年的历史，是历史信息的载体，是古代汉族劳动人民智慧的结晶。据说建塔前异僧惟一掘地得铁函一只，内有金绳四匝，古剑三把（分别刻有“驱风”、“镇火”、“降蛟”字样）还有金瓶一个，盛有舍利子三百粒，绳金塔因此而得名。绳金塔素有“水火既济，...,,
,2019-01-11,_zx622****190022,首先是开放式的，免费的，塔不大，还是不错。其次，旁边的小吃街很普通，没太多特色的东西。属于有时间顺路可以去看看，没时间也无所谓的那种,,
,2019-01-02,坏猴子12138,"真的是免费参观的，卫生间设施也不错。推荐晚上来看，可以看到斑斓的灯光。不得不说南昌真的是历史文化悠久啊，很多,都是免费的。这个绳金塔真的是古色古香的感觉。",,
,2019-01-01,M29****9080,"雨天逛绳金塔别有一番滋味！,不错！",,
,2018-12-26,自在清风8041,"位于西湖区站前路，离火车站不远，据说塔底的宝藏室起出过三匝金绳而得名，建塔是为了保佑南昌不受水火雷电之灾，景区面积不大，,有美",,
,2018-12-07,seashanghai,"火车到达南昌后第一站就选择了这里，火车站有多路公交车直达。,是半开放式的，不用门票，除了主塔外还有大成殿等建筑，特别是四周的环游回廊很棒。当天有风，主塔响起悦耳的风铃声，感觉很好。",,
,2018-12-06,开心就好,第三次来了，没感觉了，很多店铺关门的,,
,2018-11-29,老人家,"免费, 有当地百姓游玩 倒是进口出处值得大家游玩",,
,2018-11-27,Iris杨小沫,啼笑皆非地从饭店走出来，顺便來『绳 金塔 』看了一眼。该塔七层八面，在七层的塔檐上挂有铜铃，微风吹动时便会发出七音。相传建塔前异僧惟一掘地得铁函一只，内有金绳四匝，古剑三把，金瓶一个。『绳 金塔 』便因此而得名。,,
,2018-11-18,M28****5637,景色不错，就是比较小。而且里面的东西好贵啊。。,,
,2018-11-13,631****139,"南昌比较不错的,，美食也很多。",,
,2018-10-19,一木阿南,"绳金塔位于江西省南昌市西湖区绳金塔街东侧，始建于唐天祐年间，已有1100多年的历史。绳金塔古朴秀丽，具有中国江南建筑的典型艺术风格，是古代中国劳动人民智慧的结晶。绳金塔素有“水火既济，坐镇,”之说，是南昌人的镇城之宝。",,
,2018-10-17,xu****369,很棒，看起来很不错的地方，喜欢的,,
,2018-10-06,e38****99,"国庆去没收门票，门口播放着不准带打火机，查到没收。是沿着一条步行街走进去的。前面的寺和塔是不相通的，塔是不能上去。,有风铃，清风阵阵，铃声幽幽，甚是静心。景区外办了,，很刹风景。停车免费，赞",,
,2018-10-02,Misssoda,"在闹市中 类似一个公园 重点就是这座塔 人不多 很快可以逛完 ,还有美, 有不错的餐厅 可以尝试一下",,
,2018-09-23,当地向导伊妹儿,"绳金塔是南京非常不错的,之一，值得推荐给大家，景色不错，绳金塔古朴秀丽，具有中国江南建筑的典型艺术风格，性价比超高的，是南昌人的镇城之宝。",,
,2018-09-10,真主雄鹰,"每当提起江西省省会南昌，很多朋友都会想起它英雄的一面，其实啊，南昌是一座历史悠久的古城，除了红色文化，还有着很多值得大书特书的地方，诸如被誉为镇城之宝的绳金塔。接下来，就由老鹰带领大家去闻名遐迩的绳金塔一探究竟吧。,   绳金塔始建于唐朝末年，原来是建在南昌城池外的，但是因为城市的扩建，逐渐的就把塔给扩建到城市里面来了。所以，目前附近属于南昌的老城区。关于绳金塔建塔之前还有一段故事...",共16张》,
,2018-08-31,艾罗洛扬雄,绳金塔葫芦铜顶金光透亮，通身朱栏青瓦，墨角净墙，古朴无华。绳金塔为 江南典型的砖木结构楼阁式塔，塔高50.86米，塔身七层八面（明七暗八层），青砖砌筑，平面为内正外八边形。塔身每层均设有四面真门洞、四面假门洞，各层真假门洞上下相互错开，门洞的形式各层也不尽相同。第一层为月亮门；第二、三层为如意门；第四至七层为火焰门，三种拱门形式集于一塔，这种做法是不多见的。,,
,2018-08-14,luohuiping123,"可以来看看，虽不及滕王阁，但还是有些看头，只是景区小点，,已是高楼林立～",,
,2018-08-09,_WeCh****49004,还可以，。。。。。。。。。。。。。。。,,
,2018-08-03,凭什么飞,南昌的地标性建筑物 每年文化节的集散地,,
,2018-08-02,奔跑的小东东,"每到一个城市，都想窥探这个城市的的老故事。而来到南昌，本地朋友就强烈推荐我去绳金塔。终于找了一个合适的天气，约上三五好友出发了。由于是夏天，天气比较炎热。我们选择的是直接打车前往，来到,，看到有买甜筒的，第二个还是半价果断上手，吃个甜筒也算是小小的享受了一下，一转身看到上世纪的室内家具。这些家具都是真实的，它们是直接被镶嵌到墙里面的，它被称为“外婆的厨房”。土灶、锅碗...",共17张》,
,2018-07-21,M22****7400,楼倒是挺接近想象的，可是都不能登上去看，旁边小吃街也没啥人，就是万佛挺震惊的,,
,2018-07-16,M27****6900,可以了解些南昌的历史，风景可以，不大，小吃街生意不好，周六人不多，有一两家值得去的。,,
,2018-06-24,行云流水-,"是个开放式公园，除了塔之外，还有一个大戏台，都是免费参观。里面很多当地人休闲纳凉。在金绳塔美,里面。到了美,就可以逛了。逛完后，可以顺便在美,吃美食！感觉值得一去。7层高，但不能上去！",,
,2018-06-21,小葵mini,绳金塔，位于江西省南昌市西湖区绳金塔街东侧，原古城进贤门外，始建于唐天祐年间（公元904～907年），相传建塔前异僧惟一掘地得铁函一只，内有金绳四匝，古剑三把（分别刻有“驱风”、“镇火”、“降蛟”字样）还有金瓶一个，盛有舍利子三百粒，绳金塔因此而得名。绳金塔古朴秀丽，具有中国江南建筑的典型艺术风格，自唐代始建至今，已有1100多年的历史，是历史信息的载体，是古代汉族劳动人民智慧的结晶。绳...,,
,2018-06-21,M61****058,景区真是说不清，就是塔也是返修货，也上不去,,
,2018-06-19,_U3****8223,绳金塔的塔高足有一百多米高吧。,,
,2018-06-14,Sword57,没来过的朋友可以到里面参观一下  还是不错的,,
,2018-06-11,freewangyong,不要门票，但是白天去，特别是我们这种外地来旅游，特地来的真没什么意思，可能晚上有灯光会好点，白天就是一个老年人锻炼的公园……,,
,2018-06-06,_WeCh****305585,"庙会很热闹，平常最后晚上去玩，晚上给人的感觉很值，还不用门票，旁边乐途青年旅舍环境也好，还有美,，交通便利，基础设施完善，总之好玩，值得推荐",,
,2018-06-06,liy****g60,"这个塔坐落在南昌市西湖区，始建于唐代，后多次重建，绳金塔古朴秀丽，典型的江南建筑风格，现在的绳金塔是2014修缮的，,景色非常不错，值得一游。",,
,2018-05-11,M95****70,这里白天挺热闹，晚上的景色更美,,
,2018-05-09,tvrl8723,这个地方要晚上去才好看,,
,2018-05-07,老头Online,周一正好碰上闭馆   只能在外面看下  塔身在灯光下很漂亮   挺好的,,
,2018-05-04,大漠突厥,"在我很小的时候，就已经知道南昌的绳金塔了。那时我九岁，在黑龙江省。我无意间在课外读物上看到，就吸引了我！那本书介绍了南昌很多的,！",,
,2018-04-29,佐樱cp党,"建议晚上去绳金塔，灯光还是很好看的，有一个,也还可以走走。绳金塔的美,吃的并不是很多，全是个安静悠闲的,吧。要吃要玩要购物还是去中山路吧",,
,2018-04-24,M25****9080,比较幽静，有历史故事，有风景名塔，逛完还能享受美食。,,
,2018-04-24,small的昭昭,"非常喜欢这样大隐于市的开放式传统文化公园，闹中取静，风中隐隐清新花香，偶有塔檐铜铃响，,小广场有当地居民带着孩子散步，整体氛围祥和安宁，奔波一天路过这里，使人心情舒缓融入其中",,
,2018-04-21,新市骆统,"算是当地著名,了 有点像小公园的感觉 塔身四周都是铃铛 风吹过来会有不同声响 周围景色很好 当地人也会来溜达打牌 水池里鱼很多 很适合带小朋友去玩儿",,
,2018-04-17,ET佬顽童,"绳金塔位于江西省南昌市西湖区，始建于唐朝，后历经各朝代又修缮过多次，如今我们看到的绳金塔，基本上是在原址上修复过的产物。由于地处南昌市中心，绳金塔也成为广大信徒朝拜的重要场所。【位置】：绳金塔位于南昌市西湖区，整个绳金塔景区内呈现长方形状，与一墙之隔的,平行，由于,是前进路直通沿江路的通道，因此去往绳金塔，即可在前进路下车，亦可选择在沿江路的路口进入景区。周...",共10张》,
,2018-04-15,甜甜旅游,越来越繁华，有庙会，有小吃一条街,,
,2018-04-09,洛洛neil,绳金塔出来都12点多了.果断先找吃的 大众点评查到云境小厨在附近 步行五分钟到 中午不排队 菜确实是味道很好 是在江西这几天吃的最好的 八宝茶也是用料十足,共4张》,
,2018-04-09,帅翻全场就是我,历史文物，名胜古迹，地产，代表性,,
,2018-04-02,江忆尘,绳金塔，座落在中国江西省南昌市西湖区绳金塔街东侧165号，原南昌古城进贤门外，为八角七层楼阁式砖塔，始建于唐，重建于清。,,
,2018-03-30,TMTBJ,南昌市的绳金塔，这是我们小时候待过的地方。儿时的记忆里是有好多好吃的地方。现在来到这里，也还是有好多的小吃，各种各样的。很不错...,,
,2018-03-23,莞邑虎岭,"晚上去会好看一点，,有一,解决晚饭。",,
,2018-03-22,_WeCh****402031,清晨很悠闲，有一些老人在晨练，晚上开灯很漂亮。,,
,2018-03-19,_U3****8223,绳金塔在西湖区十字街，宝塔有二十来层楼高。,,
,2018-03-15,hsn0825,庄严神圣的地方，庙会的时候值得一去。,,
,2018-03-11,巍巍峨眉,"绳金塔的,不错，这塔有历史有传说。春节后上班抽空去了一趟，因为在市区的缘故，停车不是太方便。这里免门票，夜幕降临，灯光打开，景区还真有气氛。绳金塔很有气派，变幻的灯光，把塔映称得很漂亮。 居然还有电影看，投射在正前方的幕布与左侧建筑的墙壁上，讲述着绳金塔的来历及其传说。随着银幕故事发展，绳金塔灯光也随故事情节演艺，三位一体，很有现代感！ 绳金塔还有寺庙、也有些雕塑，景区虽不大，...",,
,2018-03-06,清寂守善,"文化底蕴深厚，英雄城市创意，吃饭休闲配套少。绳金塔相关文化内涵宣传还不够深，但,英雄城市的红色文化做的非常好，总体来说是个人旅游值得去的好地方：让自己慢下来体验一下内心。",,
,2018-02-28,艾罗洛扬雄,绳金塔，位于江西省南昌市西湖区绳金塔街东侧，原古城进贤门外，始建于唐天祐年间（公元904～907年），相传建塔前异僧惟一掘地得铁函一只，内有金绳四匝，古剑三把（分别刻有“驱风”、“镇火”、“降蛟”字样）还有金瓶一个，盛有舍利子三百粒，绳金塔因此而得名。绳金塔古朴秀丽，具有中国江南建筑的典型艺术风格，自唐代始建至今，已有1100多年的历史，是历史信息的载体，是古代汉族劳动人民智慧的结晶。绳...,,
,2018-02-25,菲雪han,"绳金塔的来历，传说中建塔的时候挖出了几样宝物其中有四匝金绳，故称之为绳金塔。绳金塔地处市区闹中取静的一个好地方，现在的绳金塔属于开放的小公园了，里面的环境优美、,干净，让人流连忘返的看完绳金塔、大戏台、大成殿、清澈的,和环湖的树木、廊亭。早上这里的悠然很少在里面走走看看非常的惬意，《永镇,》的牌坊出来，就是绳金美,了那里可以地道的南昌美食的小吃。",,
,2018-02-24,漏雨的小茅屋,"主要还是美,比较有吸引力，景色一般，云镜这家餐厅还是不错的，经常去",,
,2018-02-22,118****077,"雄伟壮观，值得一去，,也很好",,
,2018-02-20,_CFT01****7203495,"反正这个没花钱，也就,和塔平绕一圈！有风听风铃声还是很好的！就是不知道能不上塔是否收费……",,
,2018-02-15,马百人,"感觉像是新建的塔，建筑上没有什么特色，如果不时非常喜欢，建议不要去了。 但是，,是南昌等地的特色小吃一条街，如果你是美食家，这里一定要来。 另外，塔的后面是文庙。",,
,2018-02-15,乍都叻寇准,"距南昌火车站不远，免费入场。绳金塔共七层，为八角形建筑，每层的每个角都挂了铜铃，所以在,就听到铜铃声了。除了绳金塔，景区内还有千佛寺及大成殿。其中大成殿是供奉孔子•颜回及子羽，值得一去。",,
,2018-02-03,_WeCh****77290,夜晚过去的，另外有变色灯光，风景不错,,
,2018-01-27,m86****43,景色非常的好，值得一去的地方。,,
,2018-01-24,285****960,"在,内，去,顺便就可以参观，晚上去效果会比较好，有亮化！照片拍出来很美",,
,2018-01-22,Cy丶簡簡單單,"是奔着,去的，并没有想象中的人潮拥挤，反而有点破败。",,
,2018-01-21,藏香猪吉祥物,现在塔退居次要，更主要是美食一条街了，什么好吃的都有，只是，不能吃辣别过来。,,
,2017-12-29,菲雪han,绳金塔的来历大家都知道了，传说中建塔的时候挖出了几样宝物其中有四匝金绳，故称之为绳金塔。来到美丽的英雄城南昌，从火车站🚉骑着黄色的共享单车🚴‍♀️，沿着站前街马路十几分钟就来的这里，不远处就能看见壮观的塔楼与现代化的高楼建筑交相辉映，但是其壮观的牌楼与高高的塔楼仍显现出不同的感觉，令人惊叹其大气与巍然。 如今它已经取消了十元的门票，成为城市的标志性景点和百姓健身活动场所了，...,共9张》,
,2017-12-27,vafa0104,去过好几次南昌！做为一个吃货！一定要逛一下绳金塔,,
,2017-12-22,艾罗洛扬雄,"绳金塔，座落在中国江西省南昌市西湖区绳金塔街东侧165号，原南昌古城进贤门外，为八角七层楼阁式,，始建于唐，重建于清。绳金塔古朴秀丽，具有中国江南建筑的典型艺术风格，自唐代始建至今，已有1100多年的历史，是历史信息的载体，是古代汉族劳动人民智慧的结晶。绳金塔素有“水火既济，坐镇,”之说，是南昌人的镇城之宝。",,
,2017-12-21,灰太狼先森loveyou,"绳金塔是南昌的地标之一，旁边有一条,，店铺很多，龙老五汤店也在",,
,2017-12-17,_U3****8223,比较古老的的一个塔，位于市中心。,,
,2017-11-22,多一些真诚,值得一去，尤其是搞活动的时候，这里每年都有许多的节日活动。交通便利。,,
,2017-11-02,M60****527,"景色不错呦，里面很幽静，,灯带闪烁，行走其间，远处塔身色彩变幻，美轮美奂！",,
,2017-10-29,w85n,绳金塔藏在闹市之中的公园里，算是闹中取静。去的时候不是周末，公园里很安静，游客不多，就看到一些老人在纳凉下棋，倒是有种闲适之感。,,
,2017-10-26,砰砰猪,"从,打车不到20元到绳金塔。不用门票，似乎是街心花园。不大，半个小时差不多。离新四军指挥部旧址很近，,还有,。",,
,2017-10-17,136****4875,没什么特别大的看头……一般很一般……,,
,2017-10-09,奔跑的小东东,"【绳金塔：南昌的“宽窄巷子”“城隍庙”？】,南昌，简称 “洪”或“昌”，又称洪城、英雄城 ，因“南方繁荣昌盛”而得名，对于南昌有着,、中山路、,、,……等标志性建筑，大学在南昌，因此都已经去过。不过最值得一提是有一个地方，叫‘神经塔’。初听，难道是把神经病关起来的塔吗？直到有一天，走到景区门口才发现原来是“绳金塔”。站在绳金塔外，“永镇江城”四个鎏金大字映入眼帘，...",共13张》,
,2017-10-09,圣菲波哥大蒙恬,旁边的美食一条街值得逛逛，来南昌旅游的绳金塔是必须去的,,
,2017-10-09,M24****6478,"不似想象中的幽静，公交很方便，找到一,便想进入，却被保安栏住，说这是出口，免费的,不必这么死板吧。早就听闻这里的小吃一条街很有名，却实在不忍购买，卫生状况实在不忍直视。南昌的脏乱，这里表现得很充分。",,
,2017-10-04,285****960,有美食有塔，对于南昌来说还算可以去的地,,
,2017-10-03,69****009,"景区,太乱，尽量小吃店，与古迹不太相搭，导视不明确，介绍简单",,
,2017-09-22,缘纷的天空,《绳金塔》 你站在 夜的波涛 和如许的往事中 默默 饮着 你笔直的宁静 你的檐 忍住飞行 你的铃 把远方倾听 世事依旧 你默默 站在 清晨的琥珀中,,
,2017-09-20,浪迹天涯的双鱼,"阴雨绵绵的南昌，等不及到酒店放下行李再出门，就直奔滕王阁和绳金塔去了～  绳金塔，始建于唐天祐年间（公元904～907年），相传建塔前异僧惟一掘地得铁函一只，内有金绳四匝，古剑三把（分别刻有“驱风”、“镇火”、“降蛟”字样），还有金瓶一个，盛有舍利子三百粒，绳金塔因此而得名。。。坦白说，我是为了到,美,觅食顺便进来逛逛的，也还行，至少不用门票",,
,2017-09-15,ABC4525184685,很好，交通方便，不收费，可以了解一下南昌历史,,
,2017-09-12,有李吃遍天下,"位于南昌市，中国特色美食,，门票30。绳金塔古朴秀丽，具有中国江南建筑的典型艺术风格，自唐代始建至今，已有1100多年的历史，是历史信息的载体，是古代中国劳动人民智慧的结晶。绳金塔素有“水火既济，坐镇,”之说，是南昌人的镇城之宝。",,
,2017-09-11,清风明月,"绳金塔位于南昌市西湖区绳金塔街东侧，有绳金塔，还有供奉孔子的大成殿，免费参观。旁边开发了,，里面有各种江西小吃，还有各地美食。",,
,2017-08-31,qhrw3309,"随后,我们一起搭车去了绳金塔。绳金塔应该是南昌城比较标志性的景点了。根据我一个江西省的朋友说,南昌有句俗语叫做:藤断葫芦剪,塔杞豫章残。这句俗语的意思就是如果,和绳金塔倒塌,南昌城的人才和宝藏都将流失,城市也将败落,不复繁荣昌盛。在绳金,了车,由于正在修缮,我们先是从金塔东街向南,穿过这条破旧的小巷,很快就到了东门。可能是由于正在修缮的原因,绳金塔景区里面不是很热闹,我们在景区转悠了...",共6张》,
,2017-08-31,159****3693,一直在吃绳金塔的汤，这次是第一次来绳金塔，有意义,,
,2017-08-21,203****127,"老塔，盛夏时坐在塔边，铃声,，心静神宁。",,
,2017-08-14,wind3757,"绳金塔位于江西省南昌市绳金塔街东侧，相传建塔前异僧唯一掘地得铁函一只，内有金绳四匝，古剑三把，金瓶一个，瓶内盛有舍利子三百粒，绳金塔因此得名。绳金塔有水火既济、坐镇,之说，是南昌的镇城之宝。",,
,2017-08-10,熊宝赫赫,简单逛一下还是可以的，不是很热闹，不知道是不是没赶上周末的缘故。,,
,2017-08-09,忽而莞尔,永镇江城的绳金塔，靠近美食街，吃完饭可以去散步。,,
,2017-07-31,黑子3,"不要门票，我们是晚上去的，,很美，人不多，外面是一条步行街，旁边有家素菜馆，很好吃，大家可以去尝尝",,
,2017-07-23,卡利亚诺李春,"南昌绳金塔素有“水火既济，坐镇,”之说，是南昌人的镇城之宝。绳金塔古朴秀丽，具有江南建筑的典型艺术风格，自唐代始建至今，已有一千一百多年的历史，是历史信息的载体，也是世代劳动人民智慧的结晶。",,
,2017-07-13,Archer正,"据说绳金塔建于唐朝，相传建塔前异僧惟一掘地得铁函一只，内有金绳四匝，古剑三把（分别刻有“驱风”、“镇火”、“降蛟”字样），还有金瓶一个，盛有舍利子三百粒，绳金塔因此而得名。当地人对绳金塔素有“水火既济，坐镇,”之说，认为是南昌人的镇城之宝。旅游来的话感受不是那么深，隔壁有,，可以拱吃货们消遣。",,
,2017-07-08,qemd8714,"绳金塔，位于江西省南昌市西湖区绳金塔街东侧，原南昌城进贤门外，始建于唐天祐年间（公元904～907年），相传建塔前异僧惟一掘地得铁函一只，内有金绳四匝，古剑三把（分别刻有“驱风”、“镇火”、“降蛟”字样），还有金瓶一个，盛有舍利子三百粒，绳金塔因此而得名。,去绳金塔的街道比较有意思，有雕塑可以摆拍。绳金塔绳金塔附近一家比较有名的店铺，好像南昌比较有名的就是瓦罐拌面南昌的瓦罐汤确实会有...",共7张》,
,2017-07-08,坐着火车去穷游,"南昌有名的地标性,，地方不大，但很有江南特色，绿树成荫环境优美，晚上,还有3D灯光秀很漂亮，关键是,免费，塔看着不错范没法上去，塔底还有寺庙大殿，虽然不是特别有名有趣的,，但作为市民,的地方还是值得一去！",,
,2017-07-04,M55****851,"免费的,，但是就是一个公园，跟县级市公园差不多，而且没有任何的亮点，出了门有餐厅一条街，有几家不错的餐厅，总体的感觉就是在外面看看，不值得一去，没有广告那么响。",,
,2017-07-03,m41****88,绳金塔在南昌的西湖区，是南昌市区唯一的一座以美食，寺庙，古街，戏曲结合一体的旅游胜地,,
,2017-07-01,M55****298,"门口用镇,，这座塔明七暗八，塔高七层，共八面，与,滕王阁相互对应，对外开放，好多市民在里面下棋，散步，非常之悠闲，就是进不了塔里面，有点可惜。",,
,2017-06-30,洪都刘德华,"每逢金秋，绳金塔热闹非凡，好戏连台。数百万观光客蜂拥至此，或参加庙会祭祀活动，或观看民间歌舞、时装表演、曲艺特技、民间绝艺，或品尝中国各地,小吃，采购来自天,北的各式物品。",,
,2017-06-28,小小艾娃,"极具南昌特色的一条美,，有很多当地的小吃！",,
,2017-06-21,M22****7298,"还是可以，主要是美,，里面的东东还是挺好吃的，就是有点贵。",,
,2017-06-17,M22****4508,此塔历史悠久，建筑和历史文化价值高，但显单调。晚上在灯光的照射下较美，白天就显得普通，可是南昌的地标建筑之一。喜欢历史文化的不妨一游！,,
,2017-06-11,_WeCh****42206,这个地方确实适合夜晚去，背景有故事，流光亦迷人,,
,2017-06-08,髙山風行,"位于南昌市西湖区，始建于唐朝，古朴典雅，具有江南建筑的风格，素有“水火既济，坐镇,”之说，旁边有条美,，观古迹，尝美食，值得一去。",,
,2017-06-03,雾里看花_123,"景色,优美，全免费，是人们休闲的好地方",,
,2017-06-02,prida001,好地方，不比滕王阁差，就是小吃街太low 了。,,
,2017-05-30,snowbunny,今天可能放假的缘故，塔没有开放，本来想登塔来着，周围像个大花园一样，绿化非常好，大成殿很宏伟，守护在绳金塔旁，周围的人可以去园里逛一逛心情一定会非常好的。,,
,2017-05-24,荆无命,好在是免费的，看一看好了，别抱太大希望，就不会有大失望,,
,2017-05-22,M32****754,晚上五彩的灯光效果交相辉映，还有放电影效果,,
,2017-05-19,荆无命,"一般的,，没有太大特色，不过既来南昌，看看也罢",,
,2017-05-19,程涵hh,"中国特色商业街——绳金塔绳金塔位于南昌,不远处，可以在,边的北京西路口乘坐233公交车（票价2元）到绳金塔站，这里有一条美食街，非常的繁华，如果作为一个游客的身份来说，那你必须要来这个地方，不可错过的一个地方，美食是在一座城市里不可缺少的，旅行更是如此，所以一定要来这里品尝南昌各种的美食小吃。适合游玩季节：春秋季ps：别单纯的认为绳金塔只是一座塔哦",,
,2017-05-14,哥们-,"还是值得一去的，虽然不能够上塔，但是,免费。,有庙，有孔子,，据说是南昌独一无二的。还有一个大戏台。旁边有一条美,，但感觉生意不是太好，有些人气不足。公交车比较方便。",,
,2017-05-11,一一仔,地标建筑物，古色古香，但入口有点难找,,
,2017-05-11,zhizhimiao,"绳金塔素有“水火既济，坐镇江城”之说，是南昌人的镇城之宝。绳金塔始建于唐天佑年间（公元904～907年），当时人们在绳金,挖出一个铁函，内有金绳四匝，古剑三把（分别刻有“驱风”、“镇火”、“降蛟”字样），还有金瓶一个，盛有舍利子三百粒，绳金塔因此而得名。塔前寺：始称千佛寺、千福院，又称,寺，历代曾多次维修，原建寺年代与塔同。现千佛寺是在原位置上重建的。绳金塔是江西省省级文物保护单...",共7张》,
,2017-05-07,百合之王,"塔本身没什么看头，周围有美,还好",,
,2017-04-25,_WeCh****86356,"有许多仿古物件，拍照很有趣，有一条美,，不建议去逛，没啥好吃的，还贵，绳金塔景色很美，可以逛逛，里面的金鱼可以买鱼食投喂，都养的好大，你能想象那种小金鱼养到鲤鱼那么大吗呵呵",,
,2017-04-23,百合之王,"晚,休闲好去处，,可以看",,
,2017-04-20,bnuxfe3154508,淹没在南昌城市繁华之中的还有处非常有当地特色的古建，那就是绳金塔了。这组乔迁的雕塑很逼真，反应老城拆迁的景象。绳金塔，位于江西省南昌市西湖区绳金塔街东侧，原古城进贤门外，始建于唐天祐年间（公元904～907年），相传建塔前异僧惟一掘地得铁函一只，内有金绳四匝，古剑三把，分别刻有“驱风”、“镇火”、“降蛟”字样。还有金瓶一个，盛有舍利子三百粒，绳金塔因此而得名。塔前的小院子里古树参天，...,共12张》,
,2017-04-18,当地向导伊妹儿,绳金塔，始建于唐天祐年间（公元904～907年），相传建塔前异僧惟一掘地得铁函一只，内有金绳四匝，古剑三把（分别刻有“驱风”、“镇火”、“降蛟”字样），还有金瓶一个，盛有舍利子三百粒，绳金塔因此而得名。          绳金塔的历史有1100多年。它与滕王阁双峰峥嵘，水火共济，是古豫章和今南昌的镇城之宝。绳金塔也几经废圯，现在的绳金塔是1868年所重建。上世纪末修辑。,,
,2017-04-09,M56****599,"去不去都行的,，也可以叫做休闲小公园",,
,2017-04-08,行于思,美食一条街，不过吃不了辣的朋友就享受不了这美味了,,
,2017-04-04,M50****112,"小吃街，没什么特点，国内很多,都这样",,
,2017-04-03,cloudweng,这里有南昌著名的美食一条街！绳金塔建筑宏伟！,,
,2017-03-25,teil9857,"18点飞机降落南昌，地接派司机接我们入住酒店。稍事休息，就去逛南昌夜市。第一天嘛，一点也不累，兴致勃勃的。,酒店潮湿，空调不太热，北方人来到南方不习惯😊不过干净卫生。",共15张》,
,2017-03-14,110****855,"做230路到“绳金塔”下车，去观古迹，吃美食去的。下车就能看到塔，周围被高楼民宅包围。,的老人孩子都在晒太阳。先看到比较狭窄只有一排车道宽，都是较常见的小吃。里面有武昌创立守城的灌婴像，及绳金塔的由来。依塔环绕还有其他的美,规模就大一些了。适合逛累休息吃饭。",,
,2017-03-08,小禄足迹,"绳金塔,很漂亮，建议大家晚上来，小吃也很多，价格不贵，很有特色。有水幕电影挺震撼的。,住宿的也多，可以晚上来吃吃逛逛然后住一晚。",,
,2017-03-07,vcal8528,哈哈哈哈哈哈哈哈哈哈,,
,2017-03-06,筱莲_,"离开,，前往,。,相传建塔前异僧惟一掘地得铁函一只，内有金绳四匝，古剑三把，还有金瓶一个，盛有舍利子三百粒，绳金塔因此而得名。,绳金塔素有“水火既济，坐镇江城”之说，是南昌人的镇城之宝。,塔古朴秀丽，是江南的建筑风格。",共11张》,
,2017-03-01,倾尽天下只为你,对于对建筑没有任何兴趣的我还是推荐绳金塔晚上来。晚上这边的美食街充满着梦幻的灯光，在不同区域里有咖啡馆酒吧特色餐厅，有各种小商品纪念品的贩卖区，有台湾小吃和臭豆腐拌粉相交杂的小吃区，还有很多很出名很有特色的青旅餐馆。晚上绳金塔被灯光围绕，老建筑，美食街，熙熙攘攘的人群，各种灯光和文艺表演共同组成了这个南昌的特色街区。,,
,2017-02-20,鸭卡先生,非常不错！第三站，蛇精塔😄,共7张》,
,2017-02-19,_CFT01****7745153,没有啥东西可看的，塔里并不能进去。。。。,,
,2017-02-15,大王勤宝,"久闻绳金塔美食的大名，去了却有点失望，美食实在不太美。看看塔还是不错的，七层均有檐铃，风吹过悦耳动听，,还有寺庙和一座戏台，就是个休闲散步的好地方。",,
,2017-02-12,M24****358,"误打误撞去了绳金塔，真是意外之喜，景区不大，但很精致，景色很美。景区旁边就是美,，各种小吃，种类齐全。逛景吃小吃，真是乐在其中。",,
,2017-02-11,150****1572,打造的是一条极具南昌特色、彰显赣鄱文化的“食全食美”美食(夜市)街。,,
,2017-02-10,孙-郎,"值得一游，地处市中心，交通便利，,有,，南昌特色的小吃，,，就是以此塔命名的，定时民俗演出，距,和滕王阁都很近。",,
,2017-02-08,蝌蚪1982,这个免费开放，是南昌市民休闲活动的地方,,
,2017-02-06,奥特曼爱小小怪兽,"当然,对于吃货的我来说,心中念念不忘的一直美食。总希望吃到不一样的美食。上海有城隍庙、成都有宽窄巷子,南昌呢有,,又称“金塔逸街”。街道全长660米,由金塔街、金塔广场和金塔西街组成“L”型,融合历史、文化、时尚要素。,走进美食街,被旁边三副画面阻止着前进的脚步,三眼井、外婆的厨房、理发店,无不勾起南昌人的回忆。还有随处可见的“南昌九墙”、“九佬十八匠”、“乔迁大吉”等民俗景点,成...",共7张》,
,2017-01-31,雾里看花_123,景美  历史悠久 是人们休闲旅游的好去处,,
,2017-01-30,小风,"真心没啥亮点，也就一个普通的塔，旁边所谓的美,非常一般。",,
,2017-01-30,开心就好,可能是春节期间，店铺都没开，冷清清的,,
,2017-01-25,宛如晓月残风,"南昌游记的第一天落下帷幕，我们计划是夜游绳金塔，顺道就在这吃晚饭。话说在南昌的四年，老听人说到绳金塔吃小吃，但是一直都没有来成。又因为绳金塔与神经塔同音，所以我一直误认为这是一个贬义的地方，还真没有好好的了解它的历史。,绳金塔，位于江西省南昌市西湖区绳金塔街东侧，原古城进贤门外，始建于唐天佑年间(公元904~907年)，相传建塔前异僧惟一掘地得铁函一只，内有金绳四匝，古剑三把(分别刻有""驱...",,
,2017-01-18,蓝修,从酒店房间望出去看到的这个塔叫绳金塔，它是我们南昌的第一站，对于有用餐需求的人来说，午饭或晚饭时间去也许更合适，因为边上有美食街。,共7张》,
,2017-01-17,M13****840,"绳金塔古朴秀丽，具有中国江南建筑的典型艺术风格，自唐代始建至今，已有1100多年的历史，是历史信息的载体，是古代中国劳动人民智慧的结晶。绳金塔素有“水火既济，坐镇,”之说，是南昌人的镇城之宝。 2016年10月，获得“中国特色,”称号。",,
,2017-01-16,心碎了无遗憾,"有点现在风,夹着古色古香的味道。",,
,2017-01-03,爱旅行的我,"是庙会的时候去的，那时候还是十月份的时候吧，好像每年的十月份都是举办庙会的时候，那时候就会有很多人去逛庙会，有很多好吃的，当然了，绳金塔的,也是很好看的，不过除了人多以外想好好看看的话就还是平常时间去吧，最好就是晚上去，晚上的景色更好看，白天我还没去过，等下次去了再告诉大家吧，看图片，也许图片更能说话吧，美不美大家看看。。",,
,2017-01-03,新宇1993,"绳金塔步行街还可以转转看看，消费一般水平，分量少，出去玩总是要花钱！不建议在此地吃饭，中国所有景区,永远只有贵没有好吃！里面禁止停自行车会有管理员把你的车拖走！切记，不要开车！！",,
,2016-12-31,M37****191,"我们没上塔，就在,游玩。环境也不错。塔旁边是金塔东路，走出去右拐到金塔西路，云镜小厨吃饭，味道不错。",,
,2016-12-29,阿兰-smith,现在这个样子是2000年重修后的，历史上有过很多次的大修重建。现在在旁边修了个美食街，进驻南昌及全国各地的各种名小吃，算是个吃货景点吧。,共4张》,
,2016-12-23,a20****01,"有很多吃的点，,又家好味坊标准南昌炒菜口味，想试试南昌口味可以试试。价格也很好。晚上绳金塔有激光表演，必看。南昌老城区。",,
,2016-12-12,依心而行7284,"住宿在,，窗外就能看到绳金塔，每晚的3D灯光秀不错，塔溶于现代生活之中，也能让人不忘历史！",,
,2016-12-07,奥特曼爱小小怪兽,"站在绳金塔外,“永镇江城”四个鎏金大字映入眼帘,一种庄重之感油然而生,使你不敢不正视他,突然觉得自己如此渺小。走进去,正对着大门一座气势恢宏的千佛寺闯进了你还未从渺小中缓过神来的大脑。,两边十八罗汉整齐而站,仿佛笑看这芸芸众生。此时的你只能慢慢的经过他们,害怕打扰了佛家的清净。千佛寺大殿里香烟缭绕,万佛林立将众生百态尽收眼底,佛家之境界此时慢慢融化在心间。,来到绳金塔前突然有种高山仰止...",,
,2016-12-06,1123,南京值得去的地方，还是可以吧，,,
,2016-11-25,E37****211,很好，是个值得去玩的地方，吃的很多，下次还会来。,,
,2016-11-17,am****one,"免费，就在,里面，夜晚塔身会有变色，夜晚很安静时可以略微听到风铃声，美,有不少吃的，,也有很多特色老店，破破旧旧却生意爆好。",,
,2016-11-16,宇宙神喜爱,变化大，整体比10年前变化大，也不要门票了,,
,2016-11-14,205****880,不收门票，这一点很好。但是一个瘦高个戴眼镜的在“大成殿”当保安的家伙，就是一个典型的刁民形象～以为自己穿了一身保安服就当自己是警察啦，给你一张皮都不配当人,,
,2016-11-11,很机智的二货,免费的，不能登，塔是后来新建的，和老照片上的塔不一样。现在类似于公园了。 塔旁边有文庙大成殿。很意外，比其他城市大部分文庙都好看。,,
,2016-11-10,樱殇之恋,"绳金塔是典型的砖木结构楼阁式塔，高达50余米，朱栏青瓦，墨角净墙，飞檐翘角，悬挂铜铃，带有鲜明的宗教色彩，乃是南昌唯一一处将寺庙、古街、美食、戏曲融为一体的旅游胜地，素有“水火既济，坐镇江城”之说，一向被视为镇城之宝。,不过，绳金塔历经风雨沧桑，屡兴屡毁，跟遥遥相对的,可谓一对难兄难弟。好在相关部门维护得力，绳金塔才得以重焕生机，风雨无阻地守护着这一方土地。",,
,2016-11-06,悠然物语,"免费,，在美,和千佛寺中间，只能外观，不能进入，可以了解相关的历史典故，文化，,本身不大，但是三个小景区串联在一块还是可以看下的，建议晚上来，美,人可能多点，好玩点，三个景区不吃饭估计一个小时不到可以玩完。",,
,2016-11-05,M12****940,"这里免费参观，非常值得看。交通方便，乘公交车，下站就看到,牌楼。非常好找，沿街向前走，街景也有特点，店铺是仿古建筑，左手边有一入口通绳金塔。绳金塔与,的回廊，园林及美,组合在一起是休闲游的好去处。",,
,2016-10-25,牛奶海,性价比高免门票的，古建筑也不错，可去。,,
,2016-10-24,137****9648,"绳金塔周围都是小吃街，就塔来说是个封闭的建筑，走不进去，站在,隐隐能听到风吹铜铃的铃声，很有意思。",,
,2016-10-24,阿迅游世界,"第二天直接沉沉睡到了中午，前面黄山爬的是真心累，全身酸痛。也还好没有按照最初的计划黄山下来直接上庐山，估计是肯定吃不消，不过话说回来黄山到庐山其实根本也没车。,绳金塔就在青旅边上，看介绍也是有着悠久历史和神奇传说的一座塔，不过不让登塔只能仰望。对于我这个普通话不标准的人来说，绳金塔的读音一不小心就变成了神经塔，我可真不是有意亵渎啊。",,
,2016-10-23,96374566666,"绳金塔这边，主要还是去,玩……",,
,2016-10-14,早春二月-_-,"免费的却经典的,，因为美,才让我驻足。塔身保持完好，可惜不能登塔远眺，地处风景秀丽，,尤其漂亮。",,
,2016-10-10,e07****41,"重新修建后的绳金塔和美,搞的真不错，把老南昌的,多少透露了些，绳金塔也是古色古香非常有韵味，尤其是每层,的风铃，风过特别悦耳",,
,2016-10-10,慵懒国王,"绳金塔位于赣,上，是南昌市最有名的历史古建筑之一，是南昌市祈福消灾的圣地，一直保佑着南昌的昌盛。绳金塔以其独特的建筑构造入围了中国古代名塔的行列中，在其所在的寺庙内，可以看到全国各地名塔的介绍，非常不错，令人大开眼界。旁边又有美食城，人气很高。又有文庙，是南昌才气的所在地。",,
,2016-10-10,苍梧黄忠,人比较多，非常的程序，感觉还不错,,
,2016-10-08,_WeCh****22484,"儿子喜欢去看佛寺和塔，特地带他去的。介绍看来历史很悠久了，只是锁门了，不能登塔。和想像的有点差距，特别是那美,，有点降档次了",,
,2016-10-08,月月鸟的小窝,"绳金塔地处老城区，是南昌著名的美食一条街，人流很大，十一还有描庙会，更加的热闹，所以喜欢热闹的朋友一定不要错过这里，,更加迷人。",,
,2016-10-07,去旅行,值得一去！哪里人多！小吃一条街！非常有古韵的地方！,,
,2016-10-06,M24****270,晚上灯光漂亮，赶上庙会还有表演,,
,2016-10-06,遊RyanChang,吃的东西多，但塔边文化气息还行,,
,2016-10-06,M20****886,"绳金塔就真的很一般，一个塔在哪里，只能在外面看看，旁边一条小吃街，逛吃逛吃还不错，重点推荐,的龙老五煨汤，虽然环境、服务都不咋的，但是味道很赞！",,
,2016-10-06,喜二喜NH,夜游的，灯光不错，人也不多，还可以,,
,2016-10-05,荠茉,"现在是免费的。国庆期间有庙会，一条美,进去。虽然各地的美,都大同小异，但是看着那么多好吃的心情还是会很好。公交站也很近，交通便利。值得一看",,
,2016-10-03,_WeCh****12105,可以。景区小巧，供游玩。不要门票,,
,2016-10-02,夏天,"国庆去的，人比较多，从吃货的角度讲，,才是我玩（chi）的最嗨的绳金塔的景色给人一种很宁静的感觉，人少的时候去好点，如果你重点在美,的话。。。那么放假期间去会很热闹",,
,2016-10-01,故人何时归,酒足饭饱后，跟着计划走，两人去逛逛南昌著名的绳金塔，不知道是绳金塔这三个字的时候，我还误以为是神经塔，嘴里嘟喃着怎么有这样取名的，差点被叔叔赏一个爆栗，哈哈！！晚上的绳金塔很漂亮，比白天有看头，因为整个塔身点满了漂亮颜色的灯，用我的话来说就是bulingbuling哒。晚上的绳金塔，塔内没有开放。,共15张》,
,2016-10-01,大男孩,值得去，晚上有表演，第二天一早去免门票！,,
,2016-09-29,慵懒国王,绳金塔是南昌市非常有名的名胜古迹，也是江南最负盛名的宝塔之一。传说里面有三把古剑，能够驱风镇火降妖，里面还有三百颗舍利子，所以叫做绳金塔。绳金塔从外观上看，其建筑结构相当的精巧，是一座江南典型的砖木楼阁式建筑。,,
,2016-09-29,夜不语1992,离火车站不远，每年都会有庙会，很是热闹,,
,2016-09-29,牧之,"塔本身一般，更有名的是据说源于塔,的,汤。",,
,2016-09-26,陶陶,"第二次来了，去年抗日战争纪念日就来过，晚上颜色变幻有七种，旁边食全食美步行街吃的东西多些.几米远的,建议去南昌居住首选",,
,2016-09-20,修仙煅体,我晚上无事，闲逛到绳金塔，刚好赶上8点整的表演，非常漂亮，关键是免费啊！,,
,2016-09-19,SUN12999,历史文化建筑，环境优美，值得一游。,,
,2016-09-10,Jiayi,"绳金,到处都是美食，各种各样！可以从街头吃到街尾！只要肚子能装，而且晚上的,也很美！晚上绳金塔外的夜灯都开开，哇涩…好看",,
,2016-09-03,快乐洋洋潇洒,绳金塔是集风景美食及休闲于一体的旅游地……,,
,2016-08-29,安全第一,"免费,，塔本身是封闭的每层的塔尖都挂有铃铛在风中琉璃作响。整个景区比较舒适恬静，很多,的老人孩子们,活动休闲，给人一种温馨感。",,
,2016-08-26,台灣阿俊,"吒聞""繩金塔""非此神經塔""哈哈！旁邊還有千佛寺廟，也有一條美,!",,
,2016-08-18,grape19888,"绳金塔。,始建于唐天祐年间（公元904～907年）。,相传建塔前异僧惟一掘地得铁函一只，内有金绳四匝，古剑三把（分别刻有“驱风”、“镇火”、“降蛟”字样）还有金瓶一个，盛有舍利子三百粒，绳金塔因此而得名。,绳金塔素有“水火既济，坐镇江城”之说，是南昌人的镇城之宝。,这里有一条“全是饭馆无小吃”的,。",,
,2016-08-16,bearkara,平时的绳金塔是不开放的，只能从外面看看。既然没进去，上面的评分没法合理给出了。,,
,2016-08-15,_CFT01****7708329,风景不错，旁边又有小吃街，对于我们这种吃货来说游玩和吃两不误,,
,2016-08-14,186****0759,景色不错，还不用门票，离火车站不远，推荐大家去看看,,
,2016-08-05,_HX523****162249,是个始建于唐朝的古塔，典型的江南塔式建筑。环境很清幽，绿树成荫，塔后面还有一座文庙。关键是还免费。离绳金塔不远处就有龙老五汤店，参观完正好去吃饭。,,
,2016-07-30,江澜陌雪,"绳金塔，位于南昌市西湖区绳金塔街东侧，原古城进贤门外，始建于唐天祐年间（公元904～907年），相传建塔前异僧惟一掘地得铁函一只，内有金绳四匝，古剑三把（分别刻有“驱风”、“镇火”、“降蛟”字样）还有金瓶一个，盛有舍利子三百粒，绳金塔因此而得名。现在绳金塔建成了美,，但是价格贵点。",,
,2016-07-30,穿山跃海奇妙客,晚上远远地看了一眼，觉得还不错,,
,2016-07-26,奔跑的小东东,"吃：,打造的是一条极具南昌特色、彰显赣鄱文化的“食全食美”美食(夜市)街。有四川香天下,有限公司打造的江西第一家,旗舰店、南昌颐景园实业有限公司打造的特色鲜明的本土文化,店，又有赣南小吃、南昌瓦罐汤、黔贵三绝、台湾士林小吃等诸多全国各地名牌小吃，以满足南昌人挑剔的味蕾，旁边还有南昌最出名的龙老五早餐店，,汤伴粉可是一绝。  住：旁边有南昌老牌的,酒店南昌锦峰大...",,
,2016-07-10,悠悠小河,景色优美，清净，而且居然不要门票，园中都是楹联，很有文学气息,,
,2016-07-03,怪怪,景色好各种小吃很多，是朋友约会的好地方？,,
,2016-07-02,南风知我意,"还不错的地方，不用门票，不过可以住在那周围，就是市中心，,也很方便，这是年代很久的古塔，下面就是美,，很休闲的地方～",,
,2016-06-29,奔跑的小东东,"吃：,打造的是一条极具南昌特色、彰显赣鄱文化的“食全食美”美食(夜市)街。有四川香天下餐饮有限公司打造的江西第一家餐饮旗舰店、南昌颐景园实业有限公司打造的特色鲜明的本土文化餐饮店，又有赣南小吃、南昌瓦罐汤、黔贵三绝、台湾士林小吃等诸多全国各地名牌小吃，以满足南昌人挑剔的味蕾，旁边还有南昌最出名的龙老五早餐店，瓦罐汤伴粉可是一绝。住：旁边有南昌老牌的五星级酒店南昌锦峰大酒...",共21张》,
,2016-06-26,遥子,"美,，适合吃货。环境幽静，适合旅途小憩。。",,
,2016-06-25,深度游忠哥,"绳金塔,南行至福山立交桥，西行，沿站前西路步行约十五分钟，便来到了绳金塔公园。,绳金塔历史悠久，唐风遗韵犹存，只可惜旧貌换新颜，乃近几年重修重建后的作品。绳金塔始建于唐天祐年间（公元905～907年），相传建塔前掘地得铁函一只，内有金绳四匝（绳金塔因此而得名），古剑三把（分别刻有驱风、镇火、降蛟字样），金瓶一个，内盛舍利子三百粒。,绳金塔公园不大，是一个典型的市民休闲公园，却承载了太多...",,
,2016-06-23,cassjiang,"每次来都住在绳金塔旁边，美,很不错！",,
,2016-06-22,yjou6770,今晚繩金塔逛了一圈，人爆多，好吃一條街，全國各地小吃，沒有特別之處，實在忍受不了繁鬧，遛達了一圈，火速撤離,,
,2016-06-17,阿迅游世界,绳金塔就在青旅边上，看介绍也是有着悠久历史和神奇传说的一座塔，不过不让登塔只能仰望。对于我这个普通话不标准的人来说，绳金塔的读音一不小心就变成了神经塔，我可真不是有意亵渎啊。,,
,2016-06-11,xiaoyongdong,"这是一个没有门票的著名,，当然值得去看看，特别是看看晚上展演的3D大片，品尝南昌特色的美食。",,
,2016-06-10,118****319,"人工,，乏善可陈，就是那么点意思",,
,2016-06-08,龙00000,我去的时候没人收门票，里面就一塔，要说景色也就只有呵呵了,,
,2016-05-22,宇宙无敌超级瑶,"周围就是美,，还不错，每天晚上会",,
,2016-05-20,M19****100,绳金塔的3D影像图很有特色，很适合纳凉的市民走走。,,
,2016-05-14,小猪-笨笨,"需要门票50，一般都不去看的，旁边有,，还不错，很多南昌特色小吃",,
,2016-05-13,携程旅行顾问凤晓凰,"由于是在市中心，所以平常绳经塔,的美食也是很多的，南昌最有名的拌粉店之一“龙老五”就在,，还有要吃南昌本地特色菜,店：灶王爷酒楼也在旁边。",,
,2016-05-12,_CFT01****7230475,這里值得去呀！,,
,2016-05-07,Inflammable-Substanc…,"从,出来，大约是下午1点了，,出口没有公交，要沿着道路走出去一段路才有，坐公交回到,附近吃午饭，推荐点一份瓦罐汤（一般3-4元），瓦罐汤是南昌地道小吃，汤的味道丝毫不逊色于家里煮的汤，南昌消费不高，一餐也不会高到哪里去（快餐12元即可），吃完后坐公交233路到绳金塔，约15分钟车程。,约14:00，我们来到绳金塔，绳金塔旁边有一个步行街，主打美食，热闹程度一般般，说是美食街，实际...",共6张》,
,2016-04-28,fctt0226,哪里的东西还可以。但是价格有点贵,,
,2016-04-26,木铧犁地球,这里有一个关于古塔的传说。晚上八点半左右如果天气好，会播放一个3D的短片，关于绳金塔的由来。画面真实，声响震撼。,,
,2016-04-26,让心去旅行-,"绳金塔，位于江西省南昌市西湖区绳金塔街东侧，原古城进贤门外，始建于唐天佑年间(公元904~907年)，相传建塔前异僧惟一掘地得铁函一只，内有金绳四匝，古剑三把(分别刻有""驱风""、""镇火""、""降蛟""字样)还有金瓶一个，盛有舍利子三百粒，绳金塔因此而得名。",,
,2016-04-25,波哥123456789,"景色倒是一般，旁边很多,，紧临,，挺繁华热闹，人车太多，嘈杂，堵车堵心",,
,2016-04-21,xbyw2698,老城区里的景点，从新规划了一下，周边有不错的小吃。但是交通。都懂得,,
,2016-04-20,zhou燕萍,美食节有很多的好吃的,,
,2016-04-18,_CFT01****3927128,没什么好玩，只是个吃饭的小吃街,,
,2016-04-14,E14****771,"比较干净，挺舒服的一个小,＋小吃街",,
,2016-04-14,蜜蒙,"去的那天是4月6日，闷热，出租达不到，做到是公交车，人那叫一个多，影响逛,的心情了。",,
,2016-04-12,凤凰花开的路口但看岁…,"绳金塔是在南昌老城的市中心位置了，每年9-10月份在这里都会有一些大型的庙会，来过几次，这个地方是不错，但是美食就算了吧，到了庙会的时候周围就是美食一条街，小吃挺丰富，日用百货一条街，和一些卖旅游产品的，都集中在这里，热闹非凡。平常来绳经塔还是非常不错的，人少，安静。我赶过几年庙会，感觉节日氛围很喜庆，在古戏台那里还有表演的，这个庙里的香火很旺盛的。,由于是在市中心，所以平常绳经塔...",共10张》,
,2016-03-29,MYooo,"到绳金塔有直达的公交。刚来南昌读书时就听说绳金塔在打造美食一条街，如今已是热闹非凡，店铺云集，南昌有名的店家基本都可以在这里找到分店，推荐大家云境小厨，西江月，佐佑，都是新概念赣菜。我和云子这次去了云境小厨，糯排骨很棒。,绳金塔在我看来更像一个适合饭后散步的后花园。跟一墙之隔的美食街一比，安静很多，晚上灯光也很柔和，塔旁还有一个大成殿，是个让人心静的好地方。",,
,2016-03-29,酿芑瑾,小吃不够多啊，多的是餐馆，景色还行吧。,,
,2016-03-24,efex5761,好玩的痛苦了我们咯模糊,,
,2016-03-13,hdwq2565,绳金塔最有名的就是龙老五的拌粉和瓦缸汤！那就一个绝杀的好吃，南昌人的早点就吃它了！,,
,2016-03-12,朱小一来耶,作为当地人，似乎不太推荐去这里。,,
,2016-03-08,M14****178,在市区繁华地段，这里显得格格不入却又浑然天成，外边是喧嚣寺内却很宁静。,,
,2016-02-29,花格嘿,"去绳金塔的交通较为便利，塔有一定的历史感，去的时候有很多人烧香祈福，单去看塔没有必要，如果是去感受那种人文气息还是蛮不错的，看完,，再去绳金塔是一个不错的选择，因为交通确实挺方便的，建议大家游玩这个地方的时间不宜过长。",,
,2016-02-28,精灵背包游侠,位于老城区的古塔，但外观过于暂新了，缺乏历史古老味道，晚上亮灯时就特别漂亮的。,,
,2016-02-24,慵懒国王,"是南昌的美食地标，这里的,汤、南昌米粉、赣菜都非常的有名，其他的如贵阳的小吃也不错。",,
,2016-02-23,_CFT01****9581860,"美,不错，景区比较小，晚上的3D秀很不错，主要是不要钱哦！",,
,2016-02-22,上营坊,是南昌具有代表性的地方，是南昌人的游玩的地方，。,,
,2016-02-20,Zing_,"因为订的客栈是在,里的 一出动车站 我们就直奔公交站搭车直达绳金塔 可能是因为那天刚好放假高峰期 所以整个公交车真的是人挤人 喘气的地儿都没有 当我们安顿好客栈住宿后 出门找吃的 就直接在绳金塔附近晃悠来晃悠去 把整个美食街走透透 也蛮热闹的 ,晃荡到最后 我们直接在绳金塔附近一个羊肉串摊点买好几串羊肉 然后来一两瓶rio 带回乐途准备跨年 本来想在乐途酒吧一起跨年 好嘛 人满为患 太闹太...",,
,2016-02-17,Cccmy,很美 小吃街的种类也很多 一片灯笼感觉像南锣鼓巷 ,,
,2016-02-14,上善若水,一条小吃街南昌最好吃的东西都在那！！！,,
,2016-02-14,朴树无华,"绳金塔位于南昌的老街区，塔修缮一新，但好象不能登塔。塔后面有一花园，四周被居民楼围个密不透风。新春里，周围的美,生意也不太好，景区音响大放闹新春的歌曲，噪声让人心浮气燥，真为周围的居民难过。",,
,2016-02-13,M33****294,我从小就在遇长大，现在什么环境都好咯,,
,2016-02-12,快乐小筑,"这里是吃货们的世界，满大街的都是吃的地方，园林修葺过后焕然一新，是人们,的好地方！",,
,2016-02-09,k****8,和几十年前相比，多了豪华，少了沧凉,,
,2016-02-03,M32****325,很多好吃的！而且景色特别美，来南昌必须要来这里,,
,2016-02-03,130****2933,虽然没有滕王阁名声响，但是是真的古迹,,
,2016-01-19,M11****418,装修了很美 晚上很漂亮 里面有很多小吃和饭店 也有很多有趣的艺术雕塑,,
,2016-01-17,周虞强,"交通很方便的，出去就有公交车，也不需要门票，里面走1个小时左右就可以游完，由著名的美,，但是这天下雨，我并没有看到美食，然后也没有导游，没有了解到历史故事，希望以后的绳金塔可以更好的发展！",,
,2016-01-17,天涯海角之浪漫,历史悠久，正在扩建，市中心，旁有美食一条街，每年春节期间有庙会。,,
,2016-01-10,_U2****0948,"这里值得一去，建议晚上游塔别有一番,，美,和塔相连一动一静，让人留连忘返。",,
,2016-01-09,M30****380,非常好玩那塔真的好大如果能进去就好了还有还多佛,,
,2016-01-01,130****6741,"去的人就知道不痛不痒旁边的美,能吃的也很少～",,
,2015-12-26,丹妮,"这里,不仅有很多小吃，味道还很不错！尤其是,中的氛围更浓！",,
,2015-12-21,果冻,"龙老五汤店是一绝，就在绳经,口灶王爷旁，是南昌地道的小吃，宵夜。",,
,2015-12-20,天之曦,风景优美而淡雅，气质别具，让人心旷神怡！,,
,2015-12-18,哈哈哈哈哈哈哈哈哈哈…,"非常非常喜欢的地方，建议去旁边的美,逛逛，会有很多惊喜哦！",,
,2015-12-15,薄荷-绿好彩,"绳金塔周围是美食一条街，还有大成殿等,。一定要喝喝绳金塔边上的南昌瓦罐汤，本地人强烈推荐的地方。适合傍晚来。",,
,2015-12-09,重庆市中帝,绳金塔经过修复，每层阁楼上安装了变色彩灯，在夜色中变幻莫测，美轮美奂。,,
,2015-12-04,天下无贼1212,落在南昌市西湖区绳金塔街东侧，原古城进贤门外，始建于唐天祐年间（公元904～907年），相传建塔前异僧惟一掘地得铁函一只，内有金绳四匝，古剑三把（分别刻有“驱风”、“镇火”、“降蛟”字样）还有金瓶一个，盛有舍利子三百粒，绳金塔因此而得名，绳金塔素有“水火既济，坐镇江城”之说，是南昌人的镇城之宝。,共5张》,
,2015-12-03,15****060,"这里真的没有什么看的，但是到了南昌也没有什么,。除了那个塔，其它的全部是人造的。,更没有劲。",,
,2015-11-30,爱旅行的小阳,"从南昌火车站出来，到车站公交首末站乘坐5路公交车，十几分钟后便可到南昌市的地标之一——绳金塔。不得不说夜晚的绳金塔真心很美，在灯光照射下，,的牌坊看上去美轮美奂，极具美感。这里不仅是,，也形成了,，走在青石板铺成的街道上，两旁是一家连着一家的火锅、串串、炒菜、酒楼等等，对于爱吃的人来说是一个不错的选择，街道不算很长，大概一二千米，但却形成了足以匹敌知名美食...",,
,2015-11-27,M17****076,老城区不一样的风景，值得你来多走走看看。,,
,2015-11-24,_YX1****264,"绳金塔着实无聊 就一座孤零零的塔 旁边有一条美, 还行 其余的不推荐了",,
,2015-11-24,bamboo,去的时候正在返修，期待一次静静的进去体会,,
,2015-11-22,ayrv2117,绳金塔的交通相当便利，18路、221路、225路、230路等都到绳金塔站下车即可。绳金塔可谓是南昌人民的镇城之宝。它的入口处有一个大殿，香火非常旺，国庆期间还会张灯结彩。不过绳金塔除了一个它之外，貌似没有什么特色的地方可以观赏了。因为绳金塔无法登塔，就只能在下面干巴巴的望着。绳金塔里面有很多卖南昌特色的礼品，不过我在景区里面只买了10元三个的手机挂链。绳金塔后门出来之后就发现一条绳金塔美食...,共7张》,
,2015-11-20,15****060,"靠近老福山没有多远。晚上很不错。有个美,。,汤和炒粉是一定要吃的",,
,2015-11-16,M14****058,"南昌的特色,，现在全部整修过，已经成为步行一条街了，环境很好，,也有蛮多小吃，适合大人小孩老人游玩！",,
,2015-11-16,良柄,"绳金塔的,汤是当地著名的小吃，千万不能错过。别的么就没什么新鲜的了",,
,2015-11-13,118****199,好，过Iv好好奋斗得到充分v好好回家v过还偶见,,
,2015-11-12,jinmili,"旁边有美,，转完塔可以品尝美食，不过貌似没人气。",,
,2015-11-11,ninenice,"绳金塔不大，不能上，美,人气不旺，但广场里有当地美食特色菜焟模展，很不错！",,
,2015-11-08,小壮,"绳金塔中藏有金绳四匝，古剑三把（三把据说分别可以杀龙驱风灭火…）还有一个装舍利子的金瓶，现在已成为小公园，池塘里还有小乌龟呢！一会就能看到一只。不过因为景观减少，旁边一条美,更吸引人，逢年过节有庙会，街上的美食都不错，,月，岁月印象几家店都吃过，不错，也有团购。晚上塔开了灯，美,热闹起来，听本地人散步讲话，还是挺有南昌,的。",,
,2015-11-06,M18****912,"绳金塔和周围的千佛寺，大成殿，孔子论语楹熙园，隆兴戏台值得一去，文化气息好。不能等塔，都免费。晚上也开这。旁边的美,一般，商业气息太多。但有一个江西特产老字号店可买些特产，还挺好。",,
,2015-11-06,M17****608,"没有去塔那，逛了下美,，很多好吃的店的",,
,2015-11-03,慌慌不定性,"天光,天暮小吃是我出行的标配。刚吃过水煮，原本要去寻“龙老五”的,汤，结果先到了绳金塔步行街。霓虹旋转，与塔、院、廊、塘相衬，甚是养眼。夜色中的绳金塔，我是喜欢的，只是不知白天里会是什么样子；也许正因为是夜游，才不会留意到现代砖瓦、建造技艺的粗糙突兀敷衍。匆匆停驻，走马观花，也许是辜负了绳金塔。",,
,2015-11-03,工匠,"很漂亮的塔，八边形的，晚上灯光开起来，超秀美。而且是免费的，交通又方便，去的时候正好碰到灯光秀，人好多。旁边有条美,，当地特色小吃也很多。",,
,2015-11-03,足行天下,"在西湖区、始建于唐天佑年间、距今巳一千多年、很有沧桑感、很不错的,、,还有小吃街、,都方便",,
,2015-11-02,秦QL路,"城市中心的一块净土，环境优美，闹中取静。小桥流水，仿古回廊。傍边就是美,，很好。",,
,2015-10-30,WillSum,"绳金塔最有名的其实就是美,里面的,汤，不过很多市民都来这里赶庙会，很热闹",,
,2015-10-30,_CFT01****6434329,"还不错，旁边有个,汤不错。。。。。。。",,
,2015-10-30,xiaoyi,"很古朴，很漂亮，游览后还可以在美,顺便吃饭！",,
,2015-10-28,在路上的小羊1,"从南昌火车站出来，到车站公交首末站乘坐5路公交车，十几分钟后便可到南昌市的地标之一——绳金塔。不得不说夜晚的绳金塔真心很美，在灯光照射下，,的牌坊看上去美轮美奂，极具美感。这里不仅是景点，也形成了,，走在青石板铺成的街道上，两旁是一家连着一家的火锅、串串、炒菜、酒楼等等，对于爱吃的人来说是一个不错的选择，街道不算很长，大概一二千米，但却形成了足以匹敌知名美食...",共15张》,
,2015-10-28,190****717,"绝对是南昌市区数一数二的美,了，绳金塔向来就是人流量密集的地方。",,
,2015-10-27,rapl0171,因为绳金塔美食节，所以抽空去逛了逛，美食节到处都是坑人，一点都不好吃，也就感受个氛围，但是绳金塔本身还是不错的，有很多南昌风土人情的介绍，里面还是可以走一走，了解一些，印象最深的是南昌原来的城门介绍，但也遗憾卫生不是很好啊！,,
,2015-10-25,时光艺客,一般般吧，吃的东西还是很多而且很好吃的，但是人太多，小孩子在里面容易走丢。,,
,2015-10-24,天涯海角之浪漫,每年都有庙会，历史悠久，小吃多，古色古香，扩建中。,,
,2015-10-23,M17****446,"来南昌吃地道的小吃要来绳金塔，里面的,非常的好！小吃特别多",,
,2015-10-22,荣晓,绳金塔渐渐形成了特色小吃一条街，每年逢节必举办庙会，各地有名的小吃汇聚在此，值得逛逛吃吃！,,
,2015-10-19,M26****436,里面的美食太好吃了！就是价格有点小贵！赞一个！,,
,2015-10-19,kiki,"其实就是一座塔，看看也就完了，但是去之前看别人分享，塔的周围挂满了铃铛，风一吹铃铛会叮当响，悦耳啊……后面便在,的一棵树小憩一下，一阵风吹来，却有铃铛发出悦耳的声音，这声音很舒服，让人感觉一阵清凉。",,
,2015-10-18,M17****408,"这里不要门票。但进塔要收门票，10元，外面是一条小吃街。以前国庆节搞庙会就特别特别好玩，现在嘛，更现代化，更干净，不过人家那房子也是有特色的，住宿交通，都很方便，离火车站很近。有灶王爷吃饭，,，还有南昌特色龙老五汤店，此处的吃绝对值得去。",,
,2015-10-18,139****1932,它的历史它的神奇它的效果，真是中国一绝。,,
,2015-10-18,喝咖啡De熊猫,对于对建筑没有任何兴趣的我还是推荐绳金塔晚上来。晚上这边的美食街充满着梦幻的灯光，在不同区域里有咖啡馆酒吧特色餐厅，有各种小商品纪念品的贩卖区，有台湾小吃和臭豆腐拌粉相交杂的小吃区，还有很多很出名很有特色的青旅餐馆。晚上绳金塔被灯光围绕，老建筑，美食街，熙熙攘攘的人群，各种灯光和文艺表演共同组成了这个南昌的特色街区。,,
,2015-10-16,_cs38****0087,特别方便，每次去都住旁边的几点。顺便逛逛,,
,2015-10-16,gfjz2072,晚饭就是这些，有些辣，但仍然很喜欢。,共6张》,
,2015-10-15,189****1923,"晚上值得一去，有个3D得表演，还不错，美,吃的也不少！还是值得一去！",,
,2015-10-15,JJ_林,"比较古老，,好看。在步行街上，交通方便。",,
,2015-10-14,M26****422,"这个,的文化反而变得比他本身还具有魅力，小吃，庙会正在变成这个,的主角。",,
,2015-10-14,富龙,"绳金塔始建于唐天祐年间（公元904～907年），相传建塔前异僧惟一掘地得铁函一只，内有金绳四匝，古剑三把（分别刻有“驱风”、“镇火”、“降蛟”字样），还有金瓶一个，盛有舍利子三百粒，绳金塔因此而得名。,绳金塔古朴秀丽，具有江南建筑的典型艺术风格，为砖木结构楼阁式塔，塔高50余米，塔身为七层八面（明七暗八层）内正外八形。绳金塔飘逸的飞檐上悬挂铜铃，每层一个音阶，七层七音，微风吹过，悦耳动...",共8张》,
,2015-10-14,M24****661,风景确实不错，值得一去的地方，旁边的小吃一条街里面的美食很多，女孩子绝对喜欢！！！,,
,2015-10-11,M10****748,还好，简单干净舒适，酒店地段交通还不错，,,
,2015-10-11,M19****118,三号去赶上庙会人山人海根本挤不动，街上一家素斋馆吸引我们好清静，好干净，还特别好吃，虽然没看到绳金塔，但也不虚此行，大家都对这个素斋念念不忘。,,
,2015-10-11,_CFT01****0430393,晚上去的，没上塔，到了院子里，感觉很好，很多小吃,,
,2015-10-10,Mr张嗯嗯嗯呃liang,"从南昌之星下来，本来想走过南昌大桥去对岸坐公交车，但是上桥的通道还在修，于是就走到了丰和立交公交站坐公交车到,。这里人真的特别特别多，吃的东西也一般般，打扫卫生的工人态度极其的恶劣。绳金塔，座落在中国江西省南昌市西湖区绳金塔街东侧165号，原南昌古城进贤门外，为八角七层楼阁式砖塔，始建于唐，重建于清。绳金塔古朴秀丽，具有中国江南建筑的典型艺术风格，自唐代始建至今，已有110...",共5张》,
,2015-10-10,吴桐,免费为市民开放，动画电影非常值得一看，就是车不太好停！,,
,2015-10-10,suncwb,"唯一的让我跟两次的,，好吃好玩好看都有了！",,
,2015-10-09,182****3801,烤串跟扇贝什么的千万不要买，全是脏的！自带水和饮料！,,
,2015-10-06,M24****636,就是特别挤………吃的也贵……………吃货可以去尝试下,,
,2015-10-06,风约清莲,"值得去看的,，国庆节人好多啊，非常热闹，有卖各种小吃的，还,，我选择了在,月吃饭，艺术赣菜，很棒!晚上人更多了，挺喜欢这样的,。",,
,2015-10-06,Reborn丶,"一般般吧，虽然,有美,，但是说的，月夜才真的让绳金塔真正的好看",,
,2015-10-05,M17****552,绳金塔是最近两年才扩大的，现在主推美食，庙会，不需要门票，来南昌的朋友值得去看看,,
,2015-10-05,安琪拉法则牛鼻子好热,"绳金塔是老南昌的代表之一，但景色一般，趣味性一般，现在绳金塔重建后值得一去的理由却是,，有一些各有特色的店，来南昌建议去绳金塔吃饭。",,
,2015-10-05,油炸掌中宝,可以从绳金塔小吃街直接进去，没看到收钱的，只是一座塔，和旁边的寺庙在一起,,
,2015-10-05,女王,好吃好玩人多热闹吃货必须去不能错过的地方哟,,
,2015-10-05,M17****970,"美,貌似遮盖了绳金塔的光彩，但是美,的东西还不好吃，绳金塔也没什么可看的，不太推荐去",,
,2015-10-04,Catherine,每年国庆有庙会，新翻修了，最好节日去，平时太冷清，旁边有一大排餐厅。,,
,2015-10-03,_CFT01****5016828,"我肯定要重点推荐啦，我家南昌的绳金塔，改造过，超级好，里面有很多美食，绝对不比全国其他的,差，塔有灯，晚上,的美，推荐来",,
,2015-10-03,小宁子,现在有届会，没有出门玩可以到这里玩一下！,,
,2015-10-03,M21****717,吃伙多，人也不少，塔是新的，也不全当一次逛街，。,,
,2015-10-03,为花梳妆,"人多是不可避免的，有,，都是蒸炸煎烤，肠胃不好不敢吃≥﹏≤！只是到处都是市政施工改造什么的有点影响风景，天气好游玩心情很不错",,
,2015-10-03,_CFT01****0580350,很漂亮，真的很喜欢，有很多小吃，有机会还会再来的,,
,2015-09-28,M21****848,"晚上的,很美，而且还有超多的餐馆。。物美价廉",,
,2015-09-28,300****340,挺美的，是一个古迹。不过，人造的景多了些。,,
,2015-09-27,231****323,"远观，在,吃了特色,汤，老字号，来南昌肯定要吃有特色的",,
,2015-09-26,13612162116,去的时候刚好有庙会，人好多，不要门票，喜欢文成，吃的好多,共6张》,
,2015-09-26,M12****146,实在是很混乱，交通也不太好。塔本身还是值得一看。,,
,2015-09-25,罗布林卡丶,"绳金塔,都在搞拆迁，但里面还是不错的，晚上还有3D影幕看，灯光特效不错，还有喷雾，有点身临仙境一样，如果塔可以上去就好了",,
,2015-09-23,yy大大,"风景还不错，就是小吃不多，大多是正经,店",,
,2015-09-22,大旅行家tom,"没什么景色，和,差不多，里面有很多特色餐厅还不错",,
,2015-09-22,159****9929,汤不错哦。吃货们可以去见识见识。。。,,
,2015-09-21,_CFT01****2468632,老建筑，过去看老房子，适合年纪大的怀旧的人过去,,
,2015-09-21,139****6602,it is really nice place. free of charge. :-) the view and environment is very good. You may also taste traditional food there.,,
,2015-09-21,_WeCh****46183,环境很好，美食一条街，孩子很喜欢到那里玩，也可以看到人文景观！,,
,2015-09-20,青花素喃,"每年的绳金塔,都会有非常多的美食，还有庙会，不过要买票。还挺贵的！",,
,2015-09-19,gxq1002,每年都有一次庙会，庙会人多热闹，还有很多特色小吃，值得去看看玩玩吃吃。,,
,2015-09-18,fifa1992,看看可以，也只能看看，其他的没什么，特意去就没必要了，路过就看看吧,,
,2015-09-16,陈富贵02,绳金塔的鸭血粉丝汤一定要喝啊，周围有夜市。地方不大。,,
,2015-09-16,M24****265,"晚上去的刚好灯塔可以变色。,有美,不错也",,
,2015-09-15,Jayden,无亮点无趣味，真心不好玩。又远，不值得来玩。太普通了,,
,2015-09-13,辣椒酱er,"其实觉得绳金塔比较有特色的就是它的美,，去的那天下小雨，推小车的摊子都没有出来，所以不是很开心。绳金塔旁边有一家搭棚买,汤的很好喝，建议大家都去试试。绳金塔里面还有一个寺然后和孔子,和戏台，静心去走的话还是文化底蕴很强的。",,
,2015-09-13,冬日暖阳,"就是一座有历史的塔，但现在周围修了,，美食很多，我们经常去逛",,
,2015-09-13,e26****04,晚上去的，灯光璀璨，并且很有幸的看到了3d表演。,,
,2015-09-12,意大利种马,"吃吃喝喝的地方，谈不上有什么特别的，,汤倒是真不错",,
,2015-09-11,a20****01,"晚上去很漂亮，不过也很小。,全是吃的，虽然不是南昌特色，可是环境都不错。",,
,2015-09-10,海军叔叔,可以去看看，不过千佛寺已经没了，高考的人可以去拜下孔圣人，旁边的小吃街倒是有很多吃的可以品尝下，,,
,2015-09-09,139****9727,没进塔里面，旁边的小吃一条街挺热闹的，不过卖的东西种类都差不多，有很多小玩意卖，,,
,2015-09-08,美美哒哒,很好吃的地方香火锅，还有很特色的炒泥粉！,,
,2015-09-08,Lyy_,绳金塔有1000多年历史了，南昌美食一条街就在旁边，经过重新打造以后更亮更美了！,,
,2015-09-06,M24****137,建于唐朝，几毁几建，现塔为清所建，塔旁有刘坤一所题的塔记碑。塔建时乃源自异僧掘铁函，中有金绳四条，宝剑三把，故塔名绳金。,,
,2015-09-05,那是一阵风吹过,"南昌市区里一处代表,。就在,里。一边观景，一边美食。很惬意哦。",,
,2015-09-05,lukky,"龙老五,汤南昌人都知道，当地有名的小菜名吃",,
,2015-09-05,宇宙无敌小橙子,绳金塔两条街吃的东西都不错～～～～,,
,2015-09-04,E37****90,超级漂亮，推荐七门风俗图，很多古的东东，值得去看！,,
,2015-09-03,M12****569,好地方！南昌最有味道的去处，以后有机会还去～～～,,
,2015-09-02,紫蓝毛毛雨,绳金塔坐落在南昌市西湖区绳金塔街东侧，原古城进贤门外，始建于唐天祐年间（公元904～907年），相传建塔前异僧惟一掘地得铁函一只，内有金绳四匝，古剑三把（分别刻有“驱风”、“镇火”、“降蛟”字样）还有金瓶一个，盛有舍利子三百粒，绳金塔因此而得名。绳金塔古朴秀丽，具有江南建筑的典型艺术风格，自唐代始建至今，已有一千一百多年的历史，是历史信息的载体，是世代劳动人民智慧的结晶。绳金塔素有“...,,
,2015-09-02,夏黎,"白天去的，,关着的，反正还行吧，就是到处走走看看，外面有仿古,的小吃一条街，东西挺不错的，推荐去看看噢",,
,2015-09-01,邂逅平淡,没什么特别，因是旁晩，开开灯光，又有另外一种感觉,,
,2015-09-01,爱生活爱小陌,"一般吧，没什么特色，是如果去绳精塔小吃街估计要失望了，不过绳精塔,的一些小吃还是南昌最正宗的，毕竟是老城区嘛。",,
,2015-08-30,107****601,"这里的,一般、但是南昌的,汤相当不错，一定要去品尝",,
,2015-08-29,M24****054,绳金塔景色不错，闹中取静，适合与朋友家人在此聚餐会友，休闲放松，赞一个,,
,2015-08-28,mangguo198803,绳金塔可以免费观看，但不能攀登。,,
,2015-08-26,伴之则暖,"里面不需要门票，吃饭什么的都有，晚上的,也不错！",,
,2015-08-24,zihy3617,现在的绳金塔和以前的绳金塔变化真的超级大，里面吃的挺多的 。走进去就是小吃一条街，什么渣渣面，芋圆，台湾小吃，火锅等等等等，再往里走就是金塔西街，这块的美食一般都是餐厅式的。建议要去的朋友最好晚上去，因为晚上塔会放一些动画之类的东西挺漂亮的。,,
,2015-08-23,M20****244,"虽不能登塔，但坐在,听着铃声，吹着微风很惬意",,
,2015-08-23,huangjinhua2288,"小吃可是南昌的名物，凉拌米粉和,汤让我流连忘返呀！",,
,2015-08-22,沉默,风景很好，有老子塑像，有牛郎织女有书法。感觉还行,,
,2015-08-19,糖豆喜欢蓝胖子,的标志性建筑，晚上去的，灯光下挺漂亮。,,
,2015-08-17,不如做个大叔好,南昌的绳金塔，在南昌是一个很地标的地方，下边就是绳金塔美食步行街，也能看出来绳金塔很拉动这一带的经济发展。因为就住在这条街上的一家叫南昌乐途国际青旅里面，所以放下行李之后就去了旁边的绳金塔。我们去的时候并没有要门票，可能是现在已经免票了吧。其实这个古塔真的没有什么好看的，所在的公园也很简单，有个挺大的文庙，叫大成殿，也是没有什么好看的，真个景区用了不到二十分钟吧就出来了。倒是这...,共5张》,
,2015-08-17,d29****15,"绳金塔去年重新装修，全部完全开放免费参观，值得推荐的是,，灯光很美，更有关于绳金塔故事的3D影像，让你身入其境",,
,2015-08-16,edcm7802,很好地方，有时间以后还会来,,
,2015-08-15,M19****655,"旁边新有一个步行街还不错，绳金塔就很安静，风吹过,挂着的铃铛会响很有感觉。",,
,2015-08-13,e09****78,地处中心城区，交通方便，散步是个不错的选择。,,
,2015-08-13,黑白灰980,很好的一个地方  我们都会带朋友去  里面有一条街  但商业气息比较重,,
,2015-08-12,夢芸,"挺不错的地方，是围绕这南昌绳金塔这座千年古塔而建的美食建。去年10月美,建成，并开放，挺古色古香的地方。",,
,2015-08-11,木易真人,"游览绳金塔是免费的，不收门票，绳金塔前面是千佛寺，旁边是,一条街。,一条街风景不错，,一般。绳金塔目前,正在拆迁修缮，估计以后会更好看。若各位有机会去南昌，可以去参观一下，真得不错。",,
,2015-08-10,M17****973,每晚7.30，8.30的裸眼3D宣传片棒棒的,,
,2015-08-09,206****129,"晚上去的，是一个美,，吃的东西也不是很多。",,
,2015-08-07,小螃蟹,有小吃街，周围挺美，值得一去，那边的美食一赞,,
,2015-08-07,lzbjx,"有深厚的人文气息，景色不错，晚上去更好看！就是,还有些乱！",,
,2015-08-06,_CFT01****1598212,"比较旧，我是省外游客，没什么特别的，不推荐去，即使离绳金塔小,很近",,
,2015-08-04,zhousxh,绳金塔塔身七层，砖木结构，通身朱栏青瓦，古朴无华。塔内经常会有南昌的地方戏表演，塔外是仿古的美食一条街，游玩途中顺带尝尝美食，挺不错的。,,
,2015-08-04,_WeCh****33100,办庙会时特别热闹，街边有很多小吃，来的人也很多，但卫生环境差了点。,,
,2015-08-02,当地向导小bb,"到了绳金塔不得不喝,汤，那是一个鲜呀，小吃比较多，吃货们值得一去。其他的就不推荐了。",,
,2015-08-01,M13****450,"带着宝宝去的，塔锁上了，我们只有在周围转着玩，塔周围不时有凉风，有点凉快，很多乘凉的人，太阳下就太热了，,的,很有名，我对汤不感兴趣，拌米粉3元可是又便宜又好吃",,
,2015-07-31,LED显示屏,没感觉，就是庙会的时候有很多不好吃的外地小吃进驻，,,
,2015-07-30,202****389,"不要门票白天去有点,塔旁桥边大树下。晚上3D灯光秀不错。",,
,2015-07-26,M15****40,"各种美食，各种吃，,，袏祐，火锅还有各种甜品。",,
,2015-07-23,嘴角的一丝微笑,很好玩。景色很好，吃的东西还很多。大家都会很喜欢的。,,
,2015-07-21,Tang,"不用门票，不能上楼，范围很小，,美得很。",,
,2015-07-18,136****3255,"绳金塔是南昌的风水塔，旁边有条,，无需门票哦",,
,2015-07-18,在路上,"可以晚上七八点去看,传说投影，据说投入百万做的，挺不错。出来,美,吃饭方便，边上酒店也多，从快捷到,都有。公交、出租都方便。",,
,2015-07-10,300****344,"很好的一个,，庙会时热闹，小吃特别多…",,
,2015-07-08,M21****168,建的很好，希望保持啊，十一庙会好热闹啊，就是多一些购物的就好了,,
,2015-07-07,M21****925,"自从2014年整改过后，变得有,的特色，每个重要节日都有组织活动，其中绳金,也加上了五颜六色的灯花，到晚上人流攒动，热闹非凡的美,与古代的历史建筑交相呼应，美不胜",,
,2015-07-03,189****7167,现在确实不错，又免费。是个晚上转转的好地方,,
,2015-07-03,M10****754,"很好，比较古典,，许多小吃，和朋友经常一起过来",,
,2015-06-29,携程旅行顾问凤晓凰,"这座塔历史非常悠久，这里经常会有庙会，也有,街，这里的香火也很旺盛。",,
,2015-06-23,天涯海角之浪漫,在南昌闹市，很多小吃，代表南昌历史，值得关注。,,
,2015-06-11,茕茕镜子,我觉得把。这个绳金塔并不值得花钱进去看。因为进去也没什么很好看的。特别小。所以在外面就可以看到的塔根本不需要去花那个钱。绳金塔最出名的应该是南昌美食的瓦罐汤，边上很多喝瓦罐汤的店。南昌拌粉配上瓦罐汤。简直绝配。好吃到爆炸。而且拌粉一般2元。而汤有好多种类。鸡蛋肉饼汤好喝，只要3.5左右！,,
,2015-06-09,_CFT01****6844774,"晚上赏绳金塔，灯光装饰着，很遗憾，不能到塔内去观赏，但,的小吃街还是不错的，很棒",,
,2015-06-03,小青2004,"位于江西省南昌市西湖区绳金塔街东侧，原古城进贤门外，始建于唐天祐年间（公元904～907年），古朴秀丽，具有中国江南建筑的典型艺术风格，自唐代始建至今，已有1100多年的历史，是历史信息的载体，是古代汉族劳动人民智慧的结晶。绳金塔素有“水火既济，坐镇,”之说，是南昌人的镇城之宝。",,
,2015-06-03,kvii0512,绳金塔，坐落在南昌市西湖区绳金塔街东侧，原古城进贤门外，始建于唐天祐年间（公元904～907年），相传建塔前异僧惟一掘地得铁函一只，内有金绳四匝，古剑三把（分别刻有“驱风”、“镇火”、“降蛟”字样）还有金瓶一个，盛有舍利子三百粒，绳金塔因此而得名。绳金塔为江南典型的砖木结构楼阁式塔，塔高50.86米，塔身为七层八面（明七暗八层）内正外八形，其朱栏青瓦，墨角净墙及鉴金葫芦型顶，有浓重的宗教...,共17张》,
,2015-05-28,hxx608,"从,出来后就直奔绳金塔了，其实我不是奔着“绳金塔”这个景点去，因为我想我从,过去，差不多绳金塔也该关门了。我奔过去其实是想找一家上过北纬30°中国行的“绳金塔龙老五”瓦罐汤来着...",,
,2015-05-24,刘继强,这个强烈建议进去看看，这边不收费，很有乡土气息,,
,2015-05-22,hez****uan,改造之后小吃更多了，绳金塔也有一千多少的历史了,,
,2015-05-10,M18****837,真不错，完全免费游玩，还可以品尝各种美食。,,
,2015-05-07,Superbe,"庙里关于孔子一生的的壁画不错，回廊里关于城门的壁画也很不错。就是,不去。陪老妈走走看看坐坐也逛了有一个小时",,
,2015-05-02,_WeCh****35635,景色还好 有挺多好吃的 去的时候刚好下雨,,
,2015-04-27,张燕清,"南昌经典，,，3d视频影像表演，免费，,都是美,，小吃街…",,
,2015-04-25,大院彭sir,一个比较一般的地方，一个比较普通的塔而已。,,
,2015-04-23,cauh8459,图是在进去绳金塔的路上拍的，晚上去的时候关门了没进去塔里面，在外面看了一下，觉得看起来还不错。,,
,2015-04-17,风中雨燕,"不收费，一塔一庙，景色不错，庙里关于孔子一生的的壁画不错，回廊里关于城门的壁画也很不错。就是,不去。陪老妈走走看看坐坐也逛了有一个小时。好像每晚7点还有3d灯光秀，没看到。。。",,
,2015-04-11,hzio2909,早上要工作，下午没事了，一点半从南昌站附近的米兰走路，路过老福山立交桥，大概走15分钟就差不多到了，绳金塔是免费的，周围还有美食街，千佛寺，很有特色，主要都是免费,,
,2015-04-10,eddiez7z7,青旅旁边的绳金塔，发音超像神经塔或者蛇精塔阿西吧。,,
,2015-04-06,188****0081,"清明节来的，可能是淡季，人比较少，也不要门票，就在里面逛逛，塔不对外开放。喝了,汤，还可以。",,
,2015-04-02,_WB1****546,觉得还行吧，算是值得一去的地方。下次抽空准备带宝宝去玩玩。关于这座塔的故事有许许多多，建于唐朝，门票20元。也算是南昌一座标志性建筑了,,
,2015-03-29,M17****696,下了些雨，感觉很有诗意。和朋友难得有一个舒服的休闲,,
,2015-03-28,周子凸,"比以前更容易吸引人 拥有许多诱, ,优美",,
,2015-03-22,ma****ly,"3点钟我们从,出发了，大概下午6点不到就到了南昌。因为火车是晚上9点的，为了消磨时间，我不顾疲累到离火车站不远的绳金塔参观。以前看过别人的游记中有提到过绳金塔的，不过那人将塔名写成“神经”，让我特别好奇，有什么样的原因会让古人将塔起成这样一个名字呢？还是另有含义？等乘车来到塔前，才知不过是笔误而已。可惜时间太晚，已经,紧缩，我只能围着塔外的围墙一窥园内的景色。园内有塔有...",,
,2015-03-20,米宝儿,"对于里面宝塔的传说很是喜欢 院子不大 有宝塔 还有传说中的金绳子 那会里面是各星座的, 灰太狼 每年10月份还有庙会 各种小吃之类",,
,2015-03-19,iJasper,"去了一次感觉还不尽兴，意犹未尽的感觉。下次应该还会去的吧！每年十一的时候会有,，加上十几块钱门票，不过真的人挤人，你懂得",,
,2015-03-19,Lili123456789,很多年前去过，最近去的时候发现改变巨大，干净了很多，高档了不少，但好像少了些,,
,2015-03-15,犹觉,"诶，太一般的。塔又不能登上去，而且门票还要15元，其实里面也就是一个社区公园的规模罢了，倒是,的,挺不错的，尤其是老五,汤还上了央视几次呢",,
,2015-03-03,古哩古哩,"lg看到绳金塔这个字眼，就发神经似得非要去，因为转火车没什么时间，就没有登塔，就美,逛了逛，还不错，很干净，吃的店也很多，买了各种口味的酸枣糕",,
,2015-03-01,cspearl,南昌的著名地标之一，现在景区比我们小时候可要大的多了，而且内容很丰富值得逛逛。,,
,2015-02-26,在路上的小羊1,"从南昌站出来，已经是晚上，坐上5路公交车，十几分钟后便到了南昌市的地标之一——绳金塔。不得不说绳金塔真心不错，在灯光照射下，,的牌坊看上去美轮美奂，极具美感。这里不仅是景点，也形成了,，走在青石板铺成的街道上，两旁是一家连着一家的火锅、串串、炒菜、酒楼等等，对于爱吃的人来说是一个不错的选择，街道不算很长，大概一二千米；不过绳金塔晚上是没法登塔的，白天可以上去...",共6张》,
,2015-02-26,浅浅走吧,稍作休息，探访南昌的“镇城之宝”—绳金塔（神经塔）。读塔赋，听传说，收获满满的人文历史知识。,,
,2015-02-26,浅浅走吧,"武夷山--南昌  2014年9月12日,   坐火车晚上6点左右到南昌后，就寻找我们的落脚地乐途国际旅舍，是南昌唯一一家国际青旅，他们下面也经营酒吧，有歌手驻唱。晚上我们喝了点小酒，畅所欲言，感觉蛮嗨的。5路公交车就可以到绳金塔站,绳金塔附近的小吃很出名，龙老五瓦罐是大家一直推荐要去的地方。",,
,2015-02-26,龙猪妈妈,"去婆家过年，顺便南昌观光。位处闹市中，旁边还有大成殿和美,。是休闲旅游、了解风土人情的好去处。美,上的,大多高大上，缺少平民化小吃。",,
,2015-02-14,_CFT01****8698892,清晨的塔环境幽静，晨练的老人打着太极，宛如一幅水墨画,,
,2015-02-04,Rose肉肉,原来是因为肚子饿了来吃东西的，后来，觉得既然来了就去看把。还是值得一看的,共9张》,
,2015-01-28,拉美西斯三世,"由于绳金塔位于南昌市区内，所以去的交通还是十分便利的，可乘5、18、221、233、310等公交车前往。不过个人真心不推荐，20块钱的票价，还没有学生票，里头其实不大，占地面积还不如,。关键是，公园里也就庙能进去拜拜，冲着绳金塔去的，但塔又不对外开放，不可以登塔。建议要烧香拜佛还不如去,，交通方便，气氛也更好。但可以来这里吃东西，推荐门口的老五瓦罐汤店。味道还是不错的。",,
,2015-01-24,心若向阳何以悲伤,"上个月刚去了一下，跟之前一次庙会去的形成了鲜明的对比啊！这次是朋友新开的烧烤店，所以才去的，整个绳金塔都在装修，新开了很多店，总体来说环境挺好的，适合约会，,聚餐，同事聚餐，我们办公室去过好几次了",,
,2015-01-22,lbl明目张胆,"20块钱的票价，还没有学生票，里头其实不大，占地面积还不如,。关键是，公园里也就庙能进去拜拜，冲着绳金塔去的，但塔又不对外开放，不可以登塔。感觉还不错，有文化韵味，可惜装修，只能远观，塔旁的美食街倒是挺有特点（建筑外观）.建议要烧香拜佛还不如去,，交通方便，气氛也更好。但可以来这里吃东西，推荐门口的老五瓦罐汤店。",共4张》,
,2015-01-19,lizlin1221,从餐厅出来，拐个弯来到瓦子角公交站，坐5路车可以到绳金塔，不需要门票。,,
,2015-01-14,alhn2576,"很多人都听过,，但是很少有人知道绳金塔，这是一个很有历史的塔，非常建议去，绳金塔站是一个公交站，很多公交比如5路、219路都有，这些车多半都是从南昌火车站出发的，所以很容易找到。每到天气好的时候，春夏的时候吧，就有庙会，在绳金塔里面还有民俗文化表演，但是要门票，很热闹。另外值得一提的是，著名的瓦罐汤的发源地就在绳金,面，门口有一个大瓦罐的就是了，很有名的，问问人就知道了。",,
,2015-01-03,E06****02,"新开放的绳金塔好到出乎意料，美,上的店铺陆续开张，介绍绳金塔历史的4D灯光秀超赞",,
,2014-12-28,皮皮鲁历险记,绳金塔是南昌为数不多的小吃店，蕴含着全国各地的小吃,,
,2014-12-17,_CFT01****7481028,正好碰到炤王庙会，热闹非凡，那气氛简直叫人欲罢不能！,,
,2014-12-07,meng62000,绳金塔，寺院不大，大雄宝殿在修，一逛就逛完了。院里有些老年人在唱歌，地方话，听不懂，不过觉得他们挺惬意的,,
,2014-12-02,_CFT01****7129687,"一般般吧，就逛了下，没,，看样子里面美,的店好高大上，不敢点，景区不大！我去的时候不用门票",,
,2014-12-02,135****3497,重新整修过的神经塔总算有点高大上的感觉了，以前咱们去要门票，现在好像不需要了，街道拓宽了许多,,
,2014-11-23,M12****996,好像是重新装修了下，你第一次感觉好多了，,,
,2014-11-13,牪犇,没热闹的景象，可能是淡季的缘故吧，面食很多，味道不错，还便宜。,,
,2014-11-06,沐世惊鸿,重新装修后的绳金塔美食一条街，真的很好看！希望大家多去玩，里面的美食也在完善中。,,
,2014-11-04,m66****68,"绳金塔可以去看看，不过上不去，只能在下面欣赏，,有很多小吃，挺好吃的，价格也不贵，很好。",,
,2014-11-01,m13****469,少年古塔，非常难得的一个古建筑，宏伟壮观，外面还有很多小吃，,,
,2014-10-31,288****016,"原来的塔比较古老，现在的塔据说是后来建的，但在南昌也是非常有名的一座塔，晚上在灯光下也非常漂亮。平时去逛逛也是可以作为一个,的。据说里面的神比较灵验，佛教在此的传播比较盛名。",,
,2014-10-26,着了魔了我了,"火车站5路就有到景区的站头，不过那里还在大装修，白天不怎么热闹，晚上人挺多。说是美,，不过看过去没什么花头，消费热情没有。交通便利的",,
,2014-10-25,jud****li,"绳金塔在修缮，所以只在,逛逛。在,吃了这家的粉，还不错，有点小辣！",,
,2014-10-25,186****9410,小吃非常多，交通便利距离火车站比较近,,
,2014-10-25,320****494,这里比以前漂亮多少。还有好多吃的，我老婆好喜欢吃这里的小吃，,,
,2014-10-19,sweet1713,"感觉还不错，有文化韵味，可惜装修，只能远观，塔旁的美,倒是挺有特点（建筑外观），餐厅味道如何就不知道，太匆忙。",,
,2014-10-16,叶子liling,"到酒店休息会儿已经下午快三点了，出发去了绳金塔。绳金塔旁边是,，那条街很有福州三坊七巷的感觉，蛮亲切。不知道是不是因为国庆人多，绳金塔景点不用门票，不过不能进到塔里面，看景点里有搭台，布置好像是为了即将到来的庙会，据说那时候很热闹，但没有缘分咯~我们几个人也主要是冲着,去的~嘿~去了才发现人、真的、不少啊。",,
,2014-10-16,M10****167,"还是小时候比较有感觉，现在,淡555555555",,
,2014-10-08,M10****076,怎么说，绳金塔重新搞一下还是比较高大上。我家就住这边，吃的东西还是贵了很多的。景色不错，人很多,,
,2014-10-08,WY****XC,休整过后的绳金塔，灯光很好的渲染了庙会的气氛！,,
,2014-10-07,M12****906,交通非常方便，吃的东西非常多，也非常的好吃,,
,2014-10-06,E****,白天木有时间去，晚上去的，庙会也没有了，塔也关了，就在门前吃的粉，喝的汤，味道很赞。绳金塔还是晚上最漂亮。推荐大家晚上来转转，还有后面的花园，都很美。,,
,2014-10-02,137****9996,人多，够热闹，小吃也不错。有空可以带家人来走走。,,
,2014-09-30,_CFT01****3829894,真的比以前干净多了，就是没以前那么热闹了，店都在里面，没有大喇叭对着吵，音乐很小声听着很舒服！,,
,2014-09-27,周杨fly,南昌的美食街，当然只在有庙会的时候这儿才会聚集很多人。但冬天，这里还是很冷清的。,,
,2014-09-21,117****251,景色宜人，古色古香，有美好的古代文化气息，让你流连忘返。,,
,2014-09-20,兔子先森ly,"有庙会的时候还是蛮不错的，很有意思。去了，就一定要去龙老五那喝,汤。上过CCTV的，味道真不错。现在对南昌，大部分的记忆就是,汤了。",,
,2014-09-07,kxot5834,现在装修不能上去，大家千万不要去，里面就是一大工地,,
,2014-08-28,_WeCh****68381,有很多美食～重点在于美食～其次算是南昌有点历史韵味的地方～,,
,2014-08-26,不夏,"绳金塔可以去看看，不过上不去，只能在下面欣赏，,有很多小吃，挺好吃的，价格也不贵，很好。",,
,2014-08-25,喜悦喜悦,"远处看就是一高塔，走近街区就如龙王庙赶集市场～对，此处经常搞些赶集活动～古玩市场也在,哦……",,
,2014-08-16,不乐不归,"南昌城最有名的古塔了，与之相关的是著名的南昌美食,汤，不过要注意的是，为了文物保护，绳金塔早已不能攀登了。",,
,2014-08-09,Ryan,修路…而且不开放…我去看了～侧门…斑驳的门显露出沧桑！,,
,2014-08-01,M10****619,还不错哦，有美食，关键有好多美女，兄弟姐妹们快来,,
,2014-07-17,151****6656,汤是这的特色，其它感觉没什么，冲吃去的,,
,2014-07-17,涵小昊,"作为南昌市内的,之一，还是值得一游的，目前正在装修优化中，相信不久有更好的面貌展示给大家呢!这儿离滕王阁很近的说，可以一路游下来...",,
,2014-07-17,189****7720,景色还行很有特色看看就行，游玩就算了，绳金塔不能上去，不过听说顶上有颗舍利子，不过被搬走了,,
,2014-07-17,136****1299,没什么太多意思，慕名而来，可是真的不说败兴而去吧，也差不多了。,,
,2014-07-06,285****997,真的非常好，一家人很高兴，什么都是那么完美，下次一定还来！,,
,2014-07-06,320****909,蛮有历史底蕴的一处景观，能学到不少东西。定期还有庙会等活动,,
,2014-07-05,聆零琳,很一般，没什么好玩的，但作为南昌游玩的特色，还是值得一来的。,,
,2014-07-05,136****0298,来后百度了一下才知道名字的来历，周围在造地铁，景区路上也在修路，所以看上去有点脏。住的是叫乐途的青年旅舍，挺不错。,,
,2014-07-04,159****7805,门票20，陪朋友去过好几次，真心觉得不值，庙会去的时候更脏。现在在改造，似乎要变得更好是的，没事去走走是可以的。,,
,2014-07-01,135****3497,"很多吃饭的地方，每年都有举办庙会，,全是南昌名片之一",,
,2014-06-30,lim_zhu,蛮好玩的，周末可以去转转，做休闲放松方式蛮好，又蛮近,,
,2014-06-30,与语言,个人觉得非常美，非常好玩，觉得非常赞，给与32个赞！,,
,2014-06-30,alan,"路过这座城市，就在用餐的地方,，古色古香。",,
,2014-06-28,155****6664,还可以！！！！！！！！！！！！！！！！！！！！！！！！！！！！！,,
,2014-06-10,MaggieQ_q,做为古塔，南昌人看看是应该的。现在越扩越大了，要门票。建议南昌人办旅游卡，要好些。,,
,2014-06-05,108****0526,"绳经塔，这,有家龙老五店面里的烧烤和汤不错，有机会可以来这尝尝。",,
,2014-06-05,139****4870,每个到了这里的，都会由于惯性走进街边的汤店，享受舌尖上的美味！,,
,2014-05-09,山河七夕,很冷清，门票不贵，但是塔只能远观不可亵玩焉，所以人不多，倒是附近的小吃街人很多，很多吃的,,
,2014-05-08,186****3258,"环境优雅，空气清晰，适合,游玩，体验休闲生活！",,
,2014-05-07,麦小熠,关于路线：绳金塔，坐落在南昌市西湖区绳金塔街东侧，原古城进贤门外，乘坐18路、206路、219路长班、221路(空调)、225路、230路(空调)、26路内环、26路外环、305路(新能源)、5路内环(新能源)、5路外环(新能源)、602路(空调双层巴士)均可到达。关于花费：凭学生证，门票15一张。离南昌站很近，塔是清朝时候的建筑，附近的绳金塔庙会很热闹，每到那时，人流如织，小吃众多，是南昌比较著名的庙会之一。绳金塔景...,,
,2014-05-06,Uncle-Leiss,这个景点据说是唐朝的时候就有了，离偶家就几步路，灰常近。还记得以前读书的时候，去学校都要路过这，但对于偶来说，确实自己也怎么正眼瞧过他。 但是细细的去观察他，发现在雪中他肃立在那儿，也挺壮观的,,
,2014-05-06,张叉叉叉烧洁,千万别吃长沙的黑色臭豆腐以及一种蟹黄的东西，你一定会后悔的！不过里边的庙倒是可以拜拜~,,
