cat_user_id,cat_comment_time,cat_user_name,cat_user_comment,cat_user_pic,cat_score
,2019-03-11,当地向导小玉,"位于赣江旁边，历史悠久，气势雄壮，而今已是南昌历史名胜风景区，核心,为滕王阁，,接连新建了其他附属,，形成了一个历史文化景区。",,
,2019-03-11,车载Z网,"到南昌旅游的时候正是春节假期，人相对比较少，滕王阁，做为南昌必游,，因为王勃的名句名扬天下。相比岳阳楼，黄鹤楼远望,和长江的开阔，从滕王阁远望，古时那种秋水长天一色和孤鹜与落霞齐飞的景色已经看不到了，不过滕王阁还是很雄伟，遥想当年，王勃一句一句，渐入佳境，直到那两句名句出现，从此无人不知，无人不晓。",,
,2019-03-10,简单游人,滕王阁是南昌的符号，唐代诗人王勃曾留下“孤鹜与落叶齐飞，水天共长天一色”的千古名句，滕王阁几经摧毁和重建，近代在梁思诚先生的帮助和指导下，才有了现在的滕王阁。滕王阁一共六层，每一层都有不同的展示区，这能够为我们更加的了解滕王阁的历史和变迁。在顶层，你能看到状阔的赣江，在黄昏的时候更加的体现了王勃的那句名句。园区虽不大，但是可玩性还是很好的，总体来说是非常值得的历史文化古迹旅游景...,,
,2019-03-10,布雷西亚孙秀,"我家装修选用了当时我最喜欢的一副字帖作为墙纸，由于没文化不知道字帖上的狂草写的是什么，真心潦草!随着时间的推移我慢慢读懂了几个字""物化天宝，人杰地灵""从而知道了""秋日登洪府滕王阁饯别序"",知道了""王勃""的平生故事。激发了我这个宅男想来滕王阁看看的想法。非常雄伟值得一去。还可以看到历代想超越王勃的书法大家留下的字帖，韩愈等。最好的词和情感都被王勃用完了，后人也只能仰视他。可惜英年早逝。",,
,2019-03-07,小林6699,很有意义的一个地方，景色很优美。,,
,2019-03-06,118****088,几大名楼之一，对于历史兴趣一般的话也就走马观花了,,
,2019-03-04,M22****1684,"南昌滕王阁是中国三大名楼之一。滕王阁也是南昌的标志性建筑。滕王阁是南昌的5A级景区。滕王阁里面展示有很多国画，书法，雕塑等艺术作品。滕王阁里面有电梯，在第6层有非常华丽的藻井。第5层出门到栏杆的地方,景，对面赣江的高楼大厦挺不错的。",,
,2019-03-01,ccpp,落霞与孤鹜齐飞，秋水共长天一色~王维的《滕王阁序》脍炙人口，到了南昌当然必去滕王阁~只不过现在想看到王维笔下的场景...难了...,,
,2019-02-26,Freedom,"南昌必去的名胜古迹滕王阁，节假很多外地游客。春节期间游客更多，南昌本人凭身份证可半价25元购票，门口还有,钟内背下滕王阁序可以免票的活动。滕王阁游客比较多，门票需要二次检票，电梯是对65岁上老或者孕妇抱小孩的游客乘坐的～每层楼都可以慢慢参观。指时间太极广还有工作人员表演舞蹈。",,
,2019-02-23,yuan333,还不错，可以去！人也不是很多，值得去,,
,2019-02-21,梦未止梦,"豫章故郡，洪州旧府。,南昌新都，英雄名城。,赣水之滨，滕王阁居。,名洒鄱江，千年时光。……,落霞依旧映江水，孤鹜难寻半边天。,水天相隔尚一色，盛景不再文中览。,千年时光金楼煊，唐宋元明清现延。,滕王阁序生生远，王勃美名世世传。……,整体简介：滕王阁-江南三大名楼之一，坐落在赣江之滨的南昌城内。因初唐诗人王勃的（滕王阁序）而闻名！是南昌的地标建筑，虽然历经翻修复建，加上时代变迁，现在可能...",共9张》,
,2019-02-18,Wumeei,早上出門就小雪紛飛，到滕王閣參觀，位於江西贛江旁，因唐太宗李世民之弟滕王李元婴始建而得名，又因初唐诗人王勃诗句“落霞与孤鹜齐飞，秋水共长天一色”而流芳后世,,
,2019-02-16,_cft01****2518013,南昌必打卡地。最近去坐了滕王阁夜游轮，如果买了南昌旅游年卡只要花2元保险费。南昌的一江两岸景色真是不错，有空可以去转转。,,
,2019-02-15,草原战狼,南昌必去打卡地方。景色还是非常不错，小孩眼镜不小心因为戴帽从五楼掉到四楼了。第二天200元雇工作人员去捡回来。,,
,2019-02-15,为太阳增辉的红鸡冠唐…,讲解员经常偷懒，大部分都跳过了，只给讲20[%]的知识点，半小时花了100元讲解费。建议不要请讲解。,,
,2019-02-15,凤之呤,"挺好的一个,，抽空去了还不错",,
,2019-02-14,320****767,腾王阁，这天天气雨蒙蒙，还好吧，值得一去,,
,2019-02-14,M30****8312,滕王阁就楼上还是蛮不错的，值得一去，适合夏天游玩,,
,2019-02-13,小青菜鸟,以前以为是古代留下来的，去了才知道现代造的。。。。。。。。。。。。。。。。。。。。。。。。。。。。。。。。。。。。。。。,,
,2019-02-13,鱼儿游2007,临赣江而立，因王勃的《滕王阁序》而闻名，是“江南三大名楼”之一，也是南昌的地标。 可感受到古人“落霞与孤鹜齐飞，秋水共长天一色”的壮美。 景区主要由滕王阁主阁，和南北两面的小园子组成，登楼望远是我们来此的主要目的。 主阁从外面看是三层带回廊的建筑，其实它里面还有三个暗层，楼梯下来要入地下室，可能就是一楼了，因为滕王阁上去就是二楼以上了。,,
,2019-02-12,只是当时已,我个人感觉比黄鹤楼好看些！！！,,
,2019-02-10,202****881,"出票快，属于文化之旅必去,。",,
,2019-02-05,懒人旅游,如果好多次滕王阁了，因滕王阁序而闻名，落霞与孤与起飞，秋水共长天一色。游览的顺序就是一层一层就可以了，有楼梯和电梯。,,
,2019-02-05,看溪人,到了南昌除了红色旅游，必打卡的当然是这里！四大名楼之一，虽然几次毁损四次修建，滕王阁已失去了古老的气息，尤其现在还加入了很多现代化多媒体手段，让你在阁楼上看一场仿古的影音演出，但是我最喜欢的还是顶着赣江的凉风看两岸的风光，一位老表说曾经亮两岸都没有高楼，而今已是高楼林立，南昌的发展太快了。,,
,2019-02-03,sangsang0408,"滕王阁王阁临赣江而立,因王勃的《滕王阁序》有闻名,是江南三大名楼之一,也是南昌的地标。景区由滕王阁主楼和南、北二面的小园子组成。滕王阁共九层。五层是最好的观景楼层,也是精华部分,中厅墙上铜板雕刻《滕王阁序》是苏轼写的。晚上滕王阁在灯光照射下闪闪发光,非常壮观。",,
,2019-02-01,行走的田小爬,"南昌著名,，江南四大名楼，不错的地方，落霞与孤鹜齐飞，秋水共长天一色！",,
,2019-01-30,denise122,值得游玩，历史悠久，环境优美。,,
,2019-01-27,vivienvivien,"滕王阁，江南三大名楼之一，[1]位于江西省南昌市西北部沿江路赣江东岸，始建于唐永徽四年（公元653年），因唐太宗李世民之弟——滕王李元婴始建而得名，又因初唐诗人王勃诗句“落霞与孤鹜齐飞，秋水共长天一色”而流芳后世。[2]  唐贞观十三年（公元639年），唐高祖李渊第二十二子、唐太宗李世民之弟李元婴被封,东滕州，为滕王。他于滕州筑一阁楼名曰“滕王阁”（已被毁）。唐显庆四年（公元659年），滕王...",,
,2019-01-26,lj3****59,"在,，景区不只是一座楼，有一定的面积，是唐朝王爷的府邸，慢慢逛挺舒服的。",,
,2019-01-23,M37****180,很值得去！江南三大名楼之一耶！学生票25元，很便宜，滕王阁里面还有很多东西看的，像博物馆一样，一共六层楼，我因下午四点半才进去，所以只有一个半小时游玩，时间有点紧张，没有停下来过，滕王阁楼旁边还有其他亭子，也很精美，只是有些是新建的，总体来说很不错！,,
,2019-01-18,ccpp,滕王阁，中国古代建筑艺术独特风格和辉煌成就的杰出代表，象征着中国五千年积淀的文化、艺术和传统。滕王阁是南方唯一一座皇家建筑，位于江西省南昌市西北部沿江路赣江东岸，始建于唐朝永徽四年，因唐太宗李世民之弟——李元婴始建而得名，因初唐诗人王勃诗句“落霞与孤鹜齐飞，秋水共长天一色”而流芳后世。,,
,2019-01-13,杰客,值得一游，文化和历史，过去和现在，相遇于此。,,
,2019-01-10,_zx622****190022,不去滕王阁总是会有遗憾的，虽然是建国后重建的，但好歹出自大师之手，感觉还是不错，尤其是里面的4d动画，讲诉多次兴亡历史，让人蹉跎，一部微缩建筑史,,
,2019-01-05,xg古言新语,天下名楼滕王阁》天下名楼赣水滨，滕王阁序五湖吟。落霞孤鹜王勃撰，秋水长天苏轼誊。帝子楼阁炫天下，滕王宴乐传古今。南昌起义军旗竖，星火燎原四海明。(七律),,
,2019-01-05,M22****7875,路过的话值得一去，看看滕王阁！,,
,2019-01-04,蓝雨眼睛,人山人海，只是感受一下氛围，烟雨天感受不到落霞与孤鹜齐飞。,,
,2019-01-02,清远大黄蜂,"打卡,，有点故事，但没什么好玩的。",,
,2019-01-01,320****031,大气磅礴非常值得一游！就是天气有点冷。,,
,2018-12-16,wann5200,"滕王阁，江南三大名楼！南昌的名片，属于来一次就够了的,，完全是现代重新修建的混凝土结构，和黄鹤楼如出一辙，而且现在已经感受不到王勃的滕王阁序中，“落霞与孤鹜齐飞，秋水共长天一色”的景色了。",,
,2018-12-16,231****290,"记得,97年去滕王阁，就是懒得上去，和同事说，如果有电梯多好，果真有电梯。20年后再次光顾滕王阁，电梯已经不允许游客随便乘了，是给老人和残疾人乘的，只好走上去了。著名的滕王阁与湖北武汉黄鹤楼、湖,阳楼并称为“江南三大名楼”。历史上的滕王阁先后共重建达29次之多，屡毁屡建。不登滕王阁，等于没有来南昌。",,
,2018-12-09,威海遇见,还不错，在南昌市中心，交通很方便。,,
,2018-12-08,Charles667799,70元的门票，看得是现代翻修的楼阁，就那么回事吧,,
,2018-12-04,Carson-卡森,蛮有名的景区。价格不贵但是停车场收费有点贵！,,
,2018-12-02,佛爷驾到,"南昌的头号,，来南昌旅游基本都会来这里，虽没有黄鹤楼成体系的园林丰茂和到同样的壮观，共九层，整体比黄鹤楼略小，现已是第29次重建了，参照了梁思成的绘图和营造法式，是古今结合的最辉宏的建筑。",,
,2018-12-01,雪0106,"作为南昌最有名气的,，还是值得来玩一次的，楼高7蹭，除最高层无法爬上去之外，其余六层均各有千秋，可以了解与滕王阁的有关的重大事件，以及滕王阁的兴衰史，登阁可以望江赏景。六楼9:30，10:30，15:00，16:00有3D投影的唐朝舞蹈，还是值得观赏的。",,
,2018-11-28,_spb40****6242716,"第29次翻建版，缺少历史韵味。地理位置好就在赣,上，天气好的时候景色应该还可以。",,
,2018-11-27,Iris杨小沫,"之后又打车来到 大名 鼎鼎的『滕王阁』。现在的滕王阁虽然早已寻觅不到“落霞与孤鹜齐飞，秋水共长天一色”的影子，但也算是雄伟壮观。,滕王阁一共六层，分别介绍滕王阁的发展变迁史，以及 江西 山川河流、名人轶事等。,不得不说滕王阁的公共设施很不错（尤其是卫生间啊，是我见过的景区里条件最好的 ）。这里工作人员素质也普遍都很高，其中有一个讲解员小姐姐一直面带微笑，声情并茂地向大家介绍。气若兰兮...",共9张》,
,2018-11-25,Kalai7,期待了很久的地方，落霞与孤鹜齐飞，秋水共长天一色。体验文化和历史的窗口。带着孩子来玩，早早沐浴下厚重深远的文明传承，也重温下文章中的意境。,,
,2018-11-24,Chloe09,"网上预订便宜过到现场购票，我们住在滕王阁,，网上,没什么人，第二天一早就去，没啥人，还看到了日月同辉的景象，喜欢古诗文的驴友可以去看看",,
,2018-11-22,zipfire,"滕王阁，南昌城名气最响的古建筑，就建在赣,上，从外面一路行近，远远望去这幢古楼阁果然是气派得很啊由于临近闭园，游客散去，又因冬季天黑的早，灯光早早地全部打开，更是觉得流光溢彩，仿似马上就要有贵客到来，整座楼开始要开门迎客了…… 想想滕王阁作为江南三大名楼之一，之所以能流芳百世，无疑都是诗人王勃的功劳，想想那时候高中语文，背默这篇古文的痛苦经历，在看看现在，我就插着手站在滕王阁...",,
,2018-11-22,老人家,门票50元 65岁以上老人免费 地铁站滕王阁2号出口 跟着路牌提示走 路过图书馆 因为修路 跟着提示 走了一段临时路 登高望远 可惜天公不作美 有雾霾 但江景美,,
,2018-11-22,完熟林檎,"天气很好！赣,很美！ 如果想要沿江走过去，路线不是很好找～入口现在是在,了！ 最好是正门进南门出 ，南门风景太好了。人又少适合各种拍！",,
,2018-11-18,天羽博士,江南三大名楼之一，以昔年王勃滕王阁序名传天下，此楼临江而建，推测当年的用途可能是江防的瞭望楼。与其他两大名楼不同在于，它建于高台上，不仅增加了稳定性，而且更显高大和气势恢宏。今天的滕王阁完全是重建的，年代并不久远。楼内有电梯，但基本不开放，各层陈列乏善可陈。主要是一些图片。各层均有环绕观景台，可远观大江。但终究是现代建筑，已经没有观落霞云归的悠然。,,
,2018-11-16,轻快的行走脚步,历史上赫赫有名的滕王阁，位于南昌赣江之滨，充满古典情怀的建筑，登滕王阁，体验滕王阁序描写的意境，感受古人的建筑智慧，很不错的体验！,,
,2018-11-15,ajax2ac,"因为这次出行带着母亲，所以行程中早晨起床的时间都比较晚，起床后准备和早餐时间也都比较长，一般都是8点起床9点出发。,       今天的行程计划是上午去南昌市内的滕王阁，又因为我们住在,旁，所以如果有时间回来以后去,看一看，中午12点55乘坐D6256去,，下午去,的,，如果时间富余周边还有几个景点：滕王阁→,→,→周边。早饭我们在酒店旁的一家馄饨店吃过后就打车去了滕王阁...",共15张》,
,2018-11-14,_WeCh****887638,到滕王阁，要按着图1和图2的时间可以看演出，我这次来没看到。分享给其他朋友看吧。,,
,2018-11-12,M24****0204,十一长假过去的，人超多，排队进去。里面热汗味重还是建议错峰去比较好，外面的河水正是枯水期，河沿都裸露在外，另外南门出口处在施工，通行不便，建议走别的门。里面印象最深的是里面罗列着各大文豪的名字和雕刻的有唐朝王勃所做的“落霞与孤鹜齐飞，秋水共长天一色”的木质牌匾。,,
,2018-11-11,唐寅雅虎,年末给自己的最后一场旅行，想要一场放松的，不动脑的；想要一场不一样的，挑战自我的；想要一场私密的，自在的旅行。 衡量再三，我们踏上了去 南昌的藤王阁的旅途。,,
,2018-11-09,PortiaJX,滕王阁值得去游玩的地方，广场很大，景色优美。滕王阁，江南三大名楼之一[1]，位于江西省南昌市西北部沿江路赣江东岸，始建于唐永徽四年（公元653年），因唐太宗李世民之弟——滕王李元婴始建而得名，又因初唐诗人王勃诗句“落霞与孤鹜齐飞，秋水共长天一色”而流芳后世。,,
,2018-11-05,不高兴xc,以前就是一个楼，现在修了很多建筑，院子很大，应该内容丰富多了，楼里还有电梯呢。,,
,2018-11-03,东林俊秀,豫章故郡，洪都新府。星分翼轸，地接衡庐。襟三江而带五湖，控蛮荆而引瓯越。物华天宝，龙光射牛斗之墟；人杰地灵，徐孺下陈蕃之榻。雄州雾列，俊采星驰。台隍枕夷夏之交，宾主尽东南之美。都督阎公之雅望，棨戟遥临；宇文新州之懿范，襜帷暂驻。十旬休假，胜友如云；千里逢迎，高朋满座。腾蛟起凤，孟学士之词宗；紫电青霜，王将军之武库。家君作宰，路出名区；童子何知，躬逢胜饯。时维九月，序属三秋。潦水...,,
,2018-11-03,工匠,到南昌怎么能不到滕王阁，江南四大名楼之一。不过到了之后觉得也不过如此。登楼可以看到赣江两岸景色，全然没有秋水共长天一色的意境了。,,
,2018-10-31,携手深蓝,好地方，人文景观，内涵丰富，值得一去的地方。只是走错了一个入口，真所谓进的去出不来那种，无奈在狭窄的古玩市场里蛇形倒车出来。拍了不少，不废话看图。,,
,2018-10-30,xiyoulinfeng,滕王高阁临江渚，物转星移几度秋。游玩南昌，滕王阁是必须要去的，当年唐高祖李渊之子李元婴在赣江之滨建造的楼阁，因为王勃的一篇《滕王阁赋》而闻名天下。游玩腾王阁，从景区东门入内，步行不远，至滕王阁广场，滕王阁贮立在前，历史上的滕王阁数十次被毁，眼前的这座是根据宋代《滕王阁图》所设计，已有近三十年历史，拾阶而上，入内，登阁楼可步行或乘电梯，阁内分层有不同的展厅，介绍赣鄱文化及滕王阁的...,,
,2018-10-28,有梦走天涯,中国有四大名楼，滕王阁建筑之美居首位！雕梁画栋，俯依赣江，远有摩天轮，近有双子楼。人杰地灵，物华天宝。倚楼观江水，俯瞰车马龙。追忆腾王序，盛赞故郎情！,,
,2018-10-28,彭废废VIP,落霞与孤鹜齐飞，秋水共长天一色。就是这里。,,
,2018-10-23,203****055,不是在节假日去的所以人不是很多，很好的一个地方，其实是公园，因了名人名诗而出名，可以一看,,
,2018-10-22,136****9705,四大明楼之一，气势磅礴，彰显昌盛之地。在楼顶观澜南昌城一江两岸 美！,,
,2018-10-21,hua****4483,滕王阁就在南昌市，虽然不算是城市中心，但是坐车去也比较方便。门票50，里面有蜡像，还可以游船，整体感觉很不错的哦，值得推荐,,
,2018-10-17,xu****369,很棒，看起来很不错的地方，喜欢的,,
,2018-10-16,whoisangel,"这个就是大名鼎鼎的滕王阁。,里有王勃写的流传千古的一个知名的诗句散文：滕王阁序。从此，这个地方是扬名天下。这个阁里面的面积还是蛮大的。建筑保存的也是非常的完好。请大家来南昌，一定要去这里看看。",,
,2018-10-15,Yannis_Yip,滕王阁始建于唐朝，后因王勃《滕王阁序》里：“落霞与孤鹜起飞，秋水共长天一色。”流芳后世。 滕王阁经过多次的修筑，我们今天看到的已经是第29次修建而成的。 景区里面不大，两个小时都可以游览完毕，此时赣江并不是汛期，看着一片滩涂淤地，也不知王勃的秋水共长天一色是在什么时候。,,
,2018-10-15,E42****25,"南昌最著名的,，还原了滕王阁序的情景，顶楼也有投影反应滕王阁历次重建的模型，里面有很多古代文物，包括编钟，兵器，琴等等，对历史感兴趣的游客去看一看，可以学到不少知识",,
,2018-10-12,大明5188,这里是南昌地标式建筑，江南三大明楼之一，必游之地！,,
,2018-10-12,冉那库拉大司马,"南昌滕王阁，和长沙岳阳楼，武汉黄鹤楼和称为江南三大名楼，位于江西省南昌市西北部沿江路赣江东岸，始建于唐永徽四年（公元653年），因唐太宗李世民之弟——滕王李元婴始建而得名，又因初唐诗人王勃诗句“落霞与孤鹜齐飞，秋水共长天一色”而流芳后世。站在滕王阁楼下可以听到赣江潺潺流水，上楼北往可以欣赏到现在南昌经济开发区的现代气象，夜晚可以隔江欣赏,美丽的音乐喷泉。此景区需要请专业导游...",,
,2018-10-11,不素之客,"“落霞与孤鹜齐飞，秋水共长天一色”！滕王阁的最高层，望出去景色，如今大抵如此。不过即使不考虑赣江水道的变化，滕王阁历代修复中也在不断位移，目前这座是,89年重建，已是第二十九次，主要参考宋代造型，距清代阁约300米，距唐代原阁仅100米",,
,2018-10-10,云中往来,来南昌很多次了，都没有来滕王阁，这次正好有时间，景色不错，就在江卫生干净，边，空气清新，建设气势磅礴，管理到位，卫生干净。,,
,2018-10-09,juvandrid,"去南昌的必游,，夜晚亮灯更漂亮",,
,2018-10-09,Ich123,"雄锯长,，气势磅礴，观景平台拍照，一览无余……",,
,2018-10-08,XC****D,"滕王阁排名江南三大名楼之首，名附其实，景区规模宏大，内楼展示的字画牌扁内容丰富，滕王阁因王勃的《序》而显有盛名，景区重建时，把《序》中的名句融入到,的名字、各楼层的牌扁中，非常巧妙",,
,2018-10-07,Michael,值得一游，规模庞大，但是部分楼层的展示内容值得推敲，建议能进一步完善。,,
,2018-10-07,Tina美丽心情,"滕王阁，江南三大名楼之一[1]，位于江西省南昌市西北部沿江路赣江东岸，始建于唐永徽四年（公元653年），因唐太宗李世民之弟——滕王李元婴始建而得名，又因初唐诗人王勃诗句“落霞与孤鹜齐飞，秋水共长天一色”而流芳后世。[2]唐贞观十三年（公元639年），唐高祖李渊第二十二子、唐太宗李世民之弟李元婴被封,东滕州，为滕王。他于滕州筑一阁楼名曰“滕王阁”（已被毁）。唐显庆四年（公元659年），滕王李...",,
,2018-10-07,scsiochenhan,千古名篇所在地，文化内涵自不必说,,
,2018-10-06,lix****1918,景色很好，导游很专业，很温馨。,,
,2018-10-06,自由自在在,国庆人多，很多文人到此，三大名楼之一。,,
,2018-10-06,e38****99,"南昌必去,，虽然今阁非昔阁。有六层，二四层有廊，可观景。内有书画古器展览。有辅园可览，惜行匆未踏足。最赞扫码买票，不需排队，但优惠票尚无此殊荣。",,
,2018-10-05,打开的门,不错！历史文化遗产！值得我们再去的！,,
,2018-10-04,chenconi,"管理混乱，现代建筑，啥都没有，有那钱去对面,酒店吃顿自助餐。",,
,2018-10-03,M28****6552,别看评论了，自己去体会吧。别人的感受永远比不上你的经历,,
,2018-10-03,M49****273,感觉还好，古朴特别是岭楼，历史课又上了一遍。,,
,2018-10-03,M19****568,"如果在南昌市里转转的话还是进去看看吧，滕王阁，江南三大名楼之一[1]，位于江西省南昌市西北部沿江路赣江东岸，始建于唐永徽四年（公元653年），因唐太宗李世民之弟——滕王李元婴始建而得名，又因初唐诗人王勃诗句“落霞与孤鹜齐飞，秋水共长天一色”而流芳后世。[2]唐贞观十三年（公元639年），唐高祖李渊第二十二子、唐太宗李世民之弟李元婴被封,东滕州，为滕王。他于滕州筑一阁楼名曰“滕王阁”（已被...",,
,2018-10-01,有梦走天涯,中国四大名楼，建筑之美独他敢居首！雕梁画栋，俯依赣江，远有摩天轮，近有双高楼。人杰地灵，物华天宝。倚楼观江水，俯瞰车马龙，追忆滕王序，盛赞故郎情！,,
,2018-09-29,香水百合amy,江南三大名楼之一的滕王阁，气势雄伟，随着台阶的上升，看见了很多历史的变迁，也对古代的艺术有了更多认识，推荐,,
,2018-09-26,凭楼僧语,"落霞与孤鹜齐飞，秋水共长天一色。 照片滤镜有点儿过了哈哈。。4月份拍的，长途旅行走到南昌，当然要去滕王阁了。赣江对面是,，不得不说，拍,还是很好的（最后4张）。",,
,2018-09-26,_CFT0****1724,中国古楼之一，就是奔着落霞与孤鹜齐飞去的，发现没那种好运只能看看模型将就一下,,
,2018-09-25,一人一包一票,"夕阳西下，夜幕降临，车上游子带着疲惫伴随着火车哐当哐当的响声慢慢进入梦乡。,  旭日东升，阳光明媚，车上游子带着希望伴随着火车哐当哐当的响声慢慢回归现实。南昌，早上好。早餐过后直奔滕王阁，此时的南昌天气不算太好 ，时不时有点无根水飘落，好在我早有准备。,  南昌站出口有公交车到滕王阁，详情看实用攻略或直接问楼主。,滕王阁,  素有“西江第一楼”之誉的滕王阁，位于南昌市西北部沿江路赣江东...",共12张》,
,2018-09-24,真主雄鹰,"“落霞与孤鹜齐飞，秋水共长天一色。渔舟唱晚，响穷彭蠡之滨，雁阵惊寒，声断衡阳之浦。”这是唐朝初年，一代青年才俊王勃在赣江岸边上的滕王阁上写下的一首名震千古的华丽文章。,今天，笔者同样来到江西省的省会南昌旅行，期间自然就不能错过滕王阁这一知名景点。接下来，就让笔者来领略滕王阁的魅力。一、滕王阁的前生与今世,在江南地区，滕王阁与湖北武汉黄鹤楼、湖南岳阳楼并称为“江南三大名楼”。位于江...",共20张》,
,2018-09-24,forever_ping,蛮大的，跟杭州的雷峰塔的感觉有那么一丢丢像吧，学生价只要25，还是蛮值得，还能看滕王阁的历史更替，想当年王勃的一篇滕王阁序写的多让人心动，曾经还被骗能背出滕王阁序就不要门票,,
,2018-09-24,M28****4708,里，人们应当放下脚步，细细欣赏文人骚客的诗书笔墨，在自然人文中找寻内心的宁静。细细品味，你能感受到它的文雅与细腻,,
,2018-09-23,_WeCh****913713,"不错 ,美 晚上人有点多 但是开心 非常喜欢",,
,2018-09-23,当地向导伊妹儿,江南三大名楼之一的滕王阁景色不错哦！最好晴天来，赣江水波光粼粼，红楼绿水，登高望远，值得一观，趣味性强，值得推荐给大家。,,
,2018-09-20,独行游,"滕王阁很棒，这次主要是看主楼，毕竟那儿太大了一天逛不完。,       里面有精美的瓷画、双面绣、古物展品，特别是清朝的牌匾和服饰有很多展品，还有滕王阁模型。,       周边有很多的墙廊和古房屋建筑，还有一个沙画馆可以，自制沙画。,       是个拍艺术照的好地方。",,
,2018-09-19,smileshirley11,滕王阁本身景观壮观，有点清水寺的感觉。滕王阁序的豪迈也让景色之外有了文化的质感。每一层都有值得看的。楼以外的建筑比较普通。,,
,2018-09-18,LewisLv,可以看看，顺便看看南昌江景不错,,
,2018-09-16,行走的田小爬,"滕王阁是南昌的标志性,，不错的地方位于赣江旁边",,
,2018-09-16,M20****607,滕王阁只能说名气很大，到此一游也就是爬了个塔楼而已，没有什么特色的，不过可以眺望赣江，还可以吧。塔楼里面基本都是现在的仿品，真正的文物并不多。塔楼里面的电梯只能老年人做。,,
,2018-09-16,小盛在线,此行最大收获：苏东坡手书《滕王阁序》：南昌故郡，洪都新府。大家找亮点吧,,
,2018-09-11,日月12,自己比较喜欢，感觉很好，有时候还有莫名的感动,,
,2018-09-11,ldhn3455,工作人员素质太差，在入口处大声说话，简直不像话！有损江西人民形象,,
,2018-09-10,只逛不花,好！（此评论虽然才1个字，但语法严谨，用词工整，结构巧妙，琅琅上口，可谓言简意赅，足见评论人扎实的文字功底，以及信手拈来的写作技巧和惨绝人寰的创造能力，令人佩服佩服，再加上以感叹号收尾，实在是点睛之笔）,,
,2018-09-10,噢塞,"建在赣,的藤王阁，因王勃的那句：落霞与孤鹜齐飞，秋水共长天一色。而闻名。站在阁中，感受到当年的历史。",,
,2018-09-08,本杰明,"滕王阁因《滕王阁序》而有名，但所谓景色不如文中所描述。大凡天下人文景观概莫如此，不如抱随意之心，结随喜之缘分，得意外之娱。 觉得,尚可，尤远远观去，一抹夜空中的亮点。",,
,2018-09-08,鹤冈市阮籍,落霞与孤鹜齐飞，秋水共长天一色。阁以人名，阁以文名，有唐文采千秋艳；镜有时造，镜有心造，无尽心潮万众歌。,,
,2018-09-08,200****057,滕王阁景区名气很大，但是楼阁不是原装的，是后来仿造重新修建的，楼阁临江，风景秀美，外面环境人工修饰后很美，但是楼阁内每层现代商业气息太浓厚，失去了古楼阁游览的兴趣！,,
,2018-09-07,残月窗纱,据说都被毁掉几十次了，都是钢筋混凝土重建的。,,
,2018-09-07,jessie99,景色优美，值得游玩观赏 ，不错不错。,,
,2018-09-06,130****8868,基本上是现代人造景观  楼里有电梯 两个小时基本可以游览完毕,,
,2018-09-05,Erin-Xiao,"“落霞与孤鹜齐飞，秋水共长天一色。”江南名楼滕王阁（南昌地铁1号线滕王阁站下）,门票：【成人50元】,购票链接：http://travel.qunar.com/p-oi719780-tengwangge来自去哪儿聪明旅行家@奔跑的小东东",,
,2018-09-03,joyli,当时去的时候只有失望 不知现在修得如何,,
,2018-09-03,阿童梦,"还是挺不错的一个,，比较遗憾的是并不是原址，不过里面的内容，以及对滕王阁兴衰的历史介绍，让人受益匪浅，值得一观",,
,2018-09-02,M28****4746,"路过南昌，晚上去的，错过开园时间，无缘近赏。不过也不准登楼，结果一样。远观滕阁，,通明，也算到此,一回，意外的是还有无人机表演！",,
,2018-09-01,日月因心,"滕王阁景色挺好，,和展品独特性不高，票价50元与观览的感受来讲，性价比不高，也最多20元。",,
,2018-08-31,M55****767,"可以看到,，了解历史可以，但是楼阁是后建得",,
,2018-08-30,伊瓦洛陈也先生,景色挺美的，就是服务人员态度太差了，基本的礼貌都没有，刚询问一些东西就发怒吼人，一点耐心都没有，态度极差，这样子早晚都会把游客赶的很干净，太失望了。,,
,2018-08-30,135****7707,没去过的值得一去，楼的外观很漂亮，内部有圣旨展等还可以,,
,2018-08-29,ssdiablo,"滕王阁是中国四大名楼之一，也是南昌的地标之一。滕王阁的名气我想不用我多来赘述了，确实是非常漂亮的一座建筑，尤其是晚上当灯光亮起，简直美的不可方物。登上滕王阁欣赏,的美景也是非常美妙的一件事。总之，去到南昌，滕王阁绝对是必体验，推荐！",,
,2018-08-29,M28****2880,值得去，里面的3d全息影像展示了滕王阁的兴建和毁坏的历史。现在的滕王阁是参照宋代的格式重建的。也是规模最大的。从楼上看南昌新城区也是很好的，不过风大的天气，建议女生 不要穿能被风吹起来的裙子哦！,,
,2018-08-27,悟空2019,滕王阁，江西三大名楼。“滕王阁序”落霞与孤鹜齐飞，秋水共长天一色。地方不算太大，但景色不错，古色古香，非常壮观，值得一游。,,
,2018-08-24,M28****7899,有去南昌的朋友可以参观一下，历代文人墨客的作品和牌遍很多，很有历史文化底蕴的地方。,,
,2018-08-23,Eric冯,看一些文物，高處的風景是可以的，投影片和趣味可以省略也無防參觀價值，若照顧小孩可僻旁樓發展的。票價還有減價空間。,,
,2018-08-15,M14****151,"滕王阁的,很美，很漂亮，白天看阁楼，晚上可以再来看看噢，真不错的",,
,2018-08-14,hevenkiller,复建的滕王阁中有了电梯，方便了游客，却少了几许沧桑，好在登顶俯瞰赣江的美景，不枉此行。,,
,2018-08-11,朔游而归,还是值得去的。本来以为里面空无一物，只是一座楼，没什么好看的，没想到大有可观，让我颇感意外呢！里面有江西历代才子的墨宝，有书画，还有陶瓷，有3D影像还原滕王阁历代建设与毁坏的样子。有意思。就是大夏天爬楼有点热，其他都还好。,,
,2018-08-11,M28****7281,"我觉得更多的是一种历史情怀吧，看看秋水共长天一色的景象。 建议在网上买票。还便宜5块钱，5块钱也是钱那。我是现场买的，现场也要求你去机器上购票。里面设施是不错的，还有直立饮水点。厕所也多。 工作人员不好不坏。服务态度不好不坏。可能我去的那天天气热。 所以评分还不错，大部分给5A,设施和人文感情吧。 我觉得逛主楼就差不多了，我逛的仔细，差不多40分钟。一层一层逛下来。边上的副楼就是空的。...",,
,2018-08-09,_WeCh****201762,很棒，游轮上看很漂亮，白天的场我没去过，不过听说比较热，建议买晚上的游轮票，这里买便宜很多， 其他的就不多说了，看了图你们就明白了。,,
,2018-08-08,_WeCh****96155,里面是一些宋代的古代建筑，门票不是很贵，大概，45到50左右，不是特别好玩，喜欢建筑的朋友可以进去看看。,,
,2018-08-08,201****987,"很有气氛、,很美……可以在,看灯光表演...",,
,2018-08-08,独尘,滕王阁作为江南三大名楼之一，自然有它的出彩之处。坐落在赣江之滨真正凸显了古人“落霞与孤鹜齐飞，秋水共长天一色”的名句，虽然历经朝代不断变更，但依然没改变滕王阁昔日的风采。现在里面也保存了大量的历史文物，名人笔墨对历史感兴趣一定不要错过，门票不贵价格适中，值得一去,,
,2018-08-07,小林6699,"超级有名的一个,，江景,优美，对岸很震撼。",,
,2018-08-07,_CFT0****0797,"我最爱滕王阁,给你一个最满分！: 客服满分; ,满分; 总之什么都满分！",,
,2018-08-07,M13****495,建筑不错，历史性比较强，电梯服务员态度极差，都不能好好回答问题,,
,2018-08-03,liansir,还可以。就是冲着“落霞与孤鹜齐飞，秋水共长天一色”去的。,,
,2018-08-03,E57****33,因为背过王勃的《滕王阁序》，所以来了南昌的首选就选择来滕王阁，不虚此行。,,
,2018-08-02,奔跑的小东东,中国幅员辽阔，地大物博。文人骚客留下形容名胜古迹的名句诗篇不胜枚数。其中“落霞与孤鹜齐飞，秋水共长天一色。”形容滕王阁的佳句，最令人心驰神往。滕王阁始建于唐代，几经毁损重建。现如今是江南三大名楼之一，因唐太宗李世民之弟——滕王李元婴始建而得名，又因初唐诗人王勃诗句“落霞与孤鹜齐飞，秋水共长天一色”而流芳后世。由于大学在南昌的原因，滕王阁已去过好多次。不过几乎每次都是工作的原因，...,共17张》,
,2018-08-01,tangzhou,"来去南昌多次，今日如愿。南昌的滕王阁高大雄伟，与武汉的黄鹤楼，,的岳阳楼并称为江南三大名楼。说是当年李渊之幼子李元婴在山东滕州当官，故称滕王，后调任江西南昌，因思念故乡，则建一楼，名为滕王阁。",,
,2018-07-31,5920XIANG,来南昌就来滕王阁可以去看看。。,,
,2018-07-30,咪咕g,晚上的滕王阁，灯光效果宛如回到了盛世大唐！,,
,2018-07-30,M22****4850,气势恢宏。就是有一点，这么热的天，电梯不让用，爬楼梯，楼道空气闷热，和其他的明楼有差距。,,
,2018-07-29,求索之徒,景没了，这里就只值学生票价的钱了。,,
,2018-07-28,洋之歌,一直对网评没研究，只是心里明白而已。滕王阁果然名不虚传！值得一看！,,
,2018-07-27,belle_Ivy,"车观八一广场，隔岸观滕王阁，酒店房间内看对岸情景灯光秀，错过了,正在维护的号称亚洲第一的喷泉，但已经用尽最懒惰的方式挖掘了这个城市的魅力！",,
,2018-07-25,belle_Ivy,"南昌起义，揭开了中国共产党独立领导武装斗争和创建革命军队的序幕。南昌之旅，同样意义重大，凑齐了江南三大名楼的,！",,
,2018-07-21,彭12138,"非常一般，弄了很多出口，从南门出去以后没人也打不到车，又让我们进去从东门出去，结果把纪念用的票给收走了，可能是怕我们一天多次进出。不太明白这个,半个小时就能逛完有什么可蹭的，希望下次能指示清楚到底是从那个门出。就是一个广场，一个小花园，主要就是滕王阁里。有一些文物。一个小时以内绝对能逛完。",,
,2018-07-18,插草,"历史留下的，城楼,，此,在城内中心，没什么事儿，看看还真可以。",,
,2018-07-18,_M13****5656,滕王阁雄伟壮观，景色迷人，值得一去,,
,2018-07-15,leeg1,读了腾王阁序，对他更加向往了。,,
,2018-07-14,M22****7400,滕王阁虽然经历了几番摧毁和重建，但不得不说一次比一次来得壮观，体现了从古至今人们对滕王阁的重视和热爱！,,
,2018-07-14,_WeCh****679869,昨天去的，学生半价（18岁以下）只要了25元，不用学生证或身份证可能也是因为本来就小是学生的样子然后饮料之类的自己带比较好那里的比外面的贵，要快点看都没看完。。,,
,2018-07-12,M19****891,和黄鹤楼一样，都是重建的。都是为了王勃而来。,,
,2018-07-12,M22****5689,"落霞与孤鹜齐飞，秋水共长天一色。渔舟唱晚，响穷彭蠡之滨；雁阵惊寒，声断,之浦。",,
,2018-07-11,泡泡12345,"滕王阁是三大,之一，一到江西就第一时间来到了滕王阁。 滕王阁，江南三大名楼之一[1]，位于江西省南昌市西北部沿江路赣江东岸，始建于唐永徽四年（公元653年），因唐太宗李世民之弟——滕王李元婴始建而得名，又因初唐诗人王勃诗句“落霞与孤鹜齐飞，秋水共长天一色”而流芳后世。",,
,2018-07-11,san****962,滕王阁位于南昌市沿江路赣江东岸，始建于公元653年，因唐太宗李世民之弟滕工李元婴始建而得名，因初唐诗人王勃的滕王阁序而名扬天下，更因那“落霞与孤鹜齐飞，秋水共长天一色”的诗句而流芳后世。,,
,2018-07-09,梦中芭蕉雨,滕王阁和黄鹤楼，岳阳楼一起称为江南三大名楼，王勃在此留下千古名篇滕王阁序，历史上多次被毁重建，虽然现在看到的也是八十年代重建的，但远远就可以感受那股波澜壮阔的力量。,,
,2018-07-08,蒋蓓华,"远远的望见你屹立在长江岸上，就是无法靠近你，留下遗憾来年,吧。",,
,2018-07-06,Mig_15bees,"虽然说是后建的，但是,里面还是很不错的，滕王阁本身和附属的建筑物都很好。有各个版本的滕王阁序题字。",,
,2018-07-04,善了哉的,滕王阁，对于我和夫人来说有着特殊的感情，南昌之行虽然姗姗来迟，却也正是好季节！同国内的很多古建筑一样，这里历经风雨沧桑和多次焚毁重建，如今终于又展现给世人一座宏伟的地标。登顶九层高楼，极目远望之下仍可见赣江两岸的秀美风光，虽再难见”落霞与孤鹭齐飞，秋水共长天一色”的壮丽，却也是极好的感受！,,
,2018-07-04,lvcoco88,滕王阁已经失去了那种古韵，不建议去那里。门票还挺贵的,,
,2018-07-03,if4922,不错，还是很值得去玩的，毕竟算是地标性的一个地方,,
,2018-06-30,M55****242,外地人五十块钱门票，进去准失望,,
,2018-06-30,prida001,近看还好吧，远观已经淹没在现代的高楼大厦中不显眼了。,,
,2018-06-26,贝儿爷,名胜古迹...对历史感兴趣的朋友会比较喜欢...,,
,2018-06-26,行走的田小爬,"到南昌推荐看一看这个,，非常有名，在赣江的旁边，不错",,
,2018-06-26,菜菜的后花园,"后面造的水泥仿古建筑，外形还可以，最高层下午三点有全息3D投影《大唐舞乐》，还不错，当然还有滕王阁序及写这篇文章时的场景模拟雕塑，这个有点俗，人物雕的很粗糙,没什么艺术性，只是供导游解说而已吧。上面视野很开阔。",,
,2018-06-24,zbqg3217,"落霞与孤鹜齐飞，秋水共长天一色。太阳没落滕王阁——南昌必打卡景点之一，和,隔江相望，某人一直和我说这个是海，似不似傻！两个人戴着墨镜拍拍拍，以为照片黑是墨镜的原因，后来回来看了照片才发现是背光，能看的几张我都放出来了。（那天去滕王阁看到有电梯，讲说走楼梯一层层上去，到楼顶再电梯下来，没想到好不容易爬上顶，被告知老人小孩才能坐电梯，好吧，我们两个再努力的下楼好了，一直在转圈...",共6张》,
,2018-06-23,houboby,一到滕王阁就联系到那首古诗文。,,
,2018-06-21,小葵mini,滕王阁，位列江南三大名楼之首。,共16张》,
,2018-06-21,_CFT****16833,真的很好看，特别的那里的防护栏杆特别的有特点，我开始一眼看过去以为是木头和竹子的，摸了下才发现是水泥的，都非常非常的好看,,
,2018-06-19,懟懟,作为名楼之一，的确很值得去，虽然是近代翻修的楼，但也还可以走走。八点钟开门，第一批去的话人比较少，我是端午节去的，感觉南昌假期也不挤，门票价格还行吧，学生票有半价，景区还算大，楼里主要是展示文物和卖东西，个人觉得主要还说整个楼的外观比较有看点吧，毕竟翻修的这么大，已经不叫阁了，逛个两小时左右差不多吧。,,
,2018-06-19,天涯乐逍遥,"滕王阁位于江西省南昌市赣,上，它是江南三大名楼之一，是因《滕王阁序》而名闻天下，是每个到南昌的人必来的打卡之处，晚上的灯光很美！",,
,2018-06-16,M23****4453,如果门票十块以下可以进去看看，如果特别有历史情怀可以进去看看，如果特别不差钱又特别无聊可以去看看，登高望远的景色总不会太差的。其余的看看照片或视频或者自己吟诵一下那两句诗就够了。里面超级闷，尤其是上下楼梯，闷热，电梯不开，老年人表示真心受不了，至于建筑嘛，可能是我文盲吧，觉得和普通公园没啥区别。,,
,2018-06-11,吾正野,你在哪里上班吗，你是怎么样了。你的孩子也不知道怎么说,,
,2018-06-11,186****2207,南昌必须去的地方了，一定要有导游介绍，否则就是一栋楼而已没啥好看的,,
,2018-06-10,freewangyong,"就在门口看了下，人造景观花钱进去觉得不值，有二个门，南门这里能看到全景，不过是背面，,的风景更好一点，靠着抚河，还能看到摩天轮。",,
,2018-06-09,M13****685,第一楼，邻赣江岸边，王者气派。特别是那：江山入座，何等豪气。想象得到当年是如此……,,
,2018-06-07,阳桑,滕王阁重建了好多次，不过还是值得一去。在哪里可以体会历史变迁，也可以最直观地了解与滕王阁有关的历史。,,
,2018-06-07,oouu3295,不愧是中国四大名楼，价格也很实惠。,,
,2018-06-03,M11****413,气度非凡蔚为壮观，特别是夜晚的滕王阁华丽而宁静有一种不可言说的神秘气场！亭台楼阁无不精美，伴着赣江的流水，让人文与自然绝妙的统一。美不胜收！,,
,2018-06-01,M22****0413,首先门票全票要50，然后滕王阁除了外观里面是一个很普通的博物馆。一楼有一个再现李元婴宴客，弄得像个窑子一样。往上是各种博物馆的展览，很普通，学不到东西。,,
,2018-05-31,南山乐乐君,"腾王阁在南昌赣,，气势宏伟。李世民之弟李元婴受封腾王，在此建阁，故称腾王阁。 腾王阁因王勃作腾王阁序而闻名天下。相传李元婴在山东、四川任职时也曾建腾王阁，但都被历史淹没，南昌腾王阁传承至今，可以说王勃功不可没。 腾王阁迭毁迭建，现在的腾王阁是梁思成在原来基础上重新设计的。 站在腾王阁上，虽然看不到“落霞与孤鹜齐飞，秋水共长天一色”之景，但放眼赣江、南昌，怀古思今，也觉思绪绵长。",,
,2018-05-28,M31****337,"古色古韵，适合喜爱文化旅游的人，临近,迷人。",,
,2018-05-27,baozoushenlong,滕王阁，南昌数一数二的景点了，江南三大名楼之一，景点要买门票的，那天路过，又下着雨赶时间就没进去，外面拍照留念了。,共5张》,
,2018-05-26,136****2008,路过。名声在外，交通不怎么便利。俯视长江，心旷神怡。,,
,2018-05-24,老幺,"理论上太值得去了。但修旧如新般的,确实有失水平。服务态度差！电梯不开致65岁老人被人搀扶着上楼！不到下班时间就关灯！工作人员在景区开车鸣喇叭……素质决定层次，太差！",,
,2018-05-24,xujin1223,去南昌滕王阁是一定要去的。滕王阁因初唐诗人王勃诗句“落霞与孤鹜齐飞，秋水共长天一色”而流芳后世。每一层的精美壁画使人流连忘返。,,
,2018-05-24,M17****376,登滕王阁，感受初唐文化，欣赏赣江风景。,,
,2018-05-23,M31****584,"三大名楼之一 但和武汉黄鹤楼一样都是新造的 因为是地标建筑所以来一趟也算是值得 交通也算方便 ,的,也可以一并游览",,
,2018-05-23,一人一包一票,第一次一个人出去旅行，滕王阁就是我的第一站，可见它对我的吸引力。,共8张》,
,2018-05-22,M18****275,来江西出差，抽两个小时的时间来看了一下滕王阁，上学的时候背的滚瓜烂熟的《滕王阁序》，现在只记得几个名句了，风景很好，不枉我今天走两万多步,,
,2018-05-22,那个啥的啥,值得一看，仪式感很重要，类似到北京去故宫一样,,
,2018-05-17,zjj不枉此生,非常向往去的腾王阁，有幸目睹它的壮美，值啦,,
,2018-05-15,花鼠溜溜,"滕王阁作为三大名楼，共建了29次，现在看到的是,89年落成的。因唐朝滕王建阁而得名，因王勃作《滕王阁序》而出名。阁内陈列了不少名人字画，以及和滕王阁有关的史料，参观后受益匪浅。",,
,2018-05-15,欧阳k-xin,滕王阁是三大名楼之一，白天晚上都各有特色，晚上有表演可以观看，但是晚上因安全问题，会禁止登楼,,
,2018-05-15,M14****151,"南昌必须要看到的,，特别晚上更是漂亮，灯光秀似的，有湖有楼阁",,
,2018-05-15,203****055,值得一去的地方。建筑有特点，游客不太多不用排长队，环境不错，干净漂亮,,
,2018-05-12,心里暗爽,非常值的去的地方，里面历史性很强,,
,2018-05-12,lily的漫游时光,"南昌最有名气的,了吧，小时候必背的《滕王阁》。江南三大名楼都去过，对滕王阁印象最好。主楼比较高，每一层内部都略有不同，有的是朝外看江景，有的是内部有各种个样的展览，其中有个3D的展示，放映各个朝代滕王阁的变迁，挺有意思的。公园挺大的，左右走还有很多小,可以参观，导游证免费。",,
,2018-05-10,慎微祤衟,只有站在搂上，面朝长江才有大气蓬勃的感觉，周围都是房子了。,,
,2018-05-09,M24****9978,可以去逛一逛，听听导游讲解历史知识,,
,2018-05-07,指精灵钢琴,可能是下雨，景区的人特别少，就这么两个人，景区的工作人员也冷冰冰的，问什么有的嗯一声，有的不说话，没有该有的一点热情，主体6层转完，就去下面的园林转了一下，看了一场只有2个节目的演出，就出去了，高大和宏伟我感受到了，可是没有感受到人文，希望景区的工作人员的服务在周到一些,,
,2018-05-07,老头Online,"初唐初建  后毁了28次 现在看到的是第29次重建的建筑    确实很壮丽   应该是南昌最有名的,了吧   值得一游",,
,2018-05-07,171****910,"景色很美，只是,的高楼大厦有点不协调。",,
,2018-05-06,Arale神婆,因上学时王勃的一篇《滕王阁序》而去，算江南三大名楼之一，不建议喜欢游乐场类型的人去，这里只有静静的亭台楼阁，整体感觉很不错。,,
,2018-05-06,M61****675,"我国四大名楼黄鹤楼、岳阳楼、,、滕王阁，就数滕王阁气势恢宏。虽然，除岳阳楼是清的建筑外，其它全是新建，但依然给人一种中华文明历史源远流长的厚重感。此次江西行还到了庐山，,真是美丽漂亮景色诱人。庐山的天气变化无常，刚刚还是清晰可见，瞬间就是一塌糊涂。我们刚入,的时候，山谷、游人都还清清楚楚，但刚拿出手机，镜头还没有对焦拍摄，就灰雾雾一片了。剩下的就是不识庐山真面目，只...",,
,2018-05-05,107****530,"好多年去的时候刚刚好遇上修复中，这次终于如愿以偿登上了向往已久的滕王阁，见到了赣,历史名建筑和现代建筑的对比共存的有趣景象！一个字~棒！",,
,2018-05-05,M21****892,宏伟磅礴，气势如虹，风景秀丽。,,
,2018-05-04,大漠突厥,"中国汉文化，古典气息很浓！很值得去的一个,！它依托着赣江流域的远古文化积累，再加上文人大家的传送，便名扬华夏了！滕王阁！",,
,2018-05-03,Gu藕霸,比较无聊。比较失望。也就这样了。,,
,2018-05-02,M16****328,环境还好，就是有点小，没有看头儿，不震撼。,,
,2018-05-01,M22****4229,"滕王阁是唐代，滕王李元婴所建立，反复重修，经过28次，现在一次为,89年所建，第29次，王勃写过滕王阁序，落霞与孤鹜齐飞，秋水共长天一色。",,
,2018-04-30,一路向北BA,有点挤，人太多了，很难受 其他，还好，门票挺便宜 文化底蕴很足,,
,2018-04-28,岁月似水流年,门票全价50元，学生票半价。中国四大名楼之一，因王勃的《滕王阁序》而闻名。距离万寿宫地铁站较近，不是滕王阁地铁站，别搞错了。,,
,2018-04-28,一泓茗茶,"滕王阁是长江流域三大名楼之一，座落在江西南昌赣江之滨。现在的滕王阁是90年代依照梁思成的图纸新修的，阁内有许多历史故事和历史名人的陈列。登上高楼，远眺赣江，王勃的《滕王阁序》中""落霞与孤鹜齐飞，秋水共长天一色""的千古名句立马浮现在脑海。",,
,2018-04-26,Adrian_Z,"武夷山距离南昌不远，结束武夷山的三晚两日游后，我们便奔赴了南昌，来到江西的境内。南昌的滕王阁与湖北武汉黄鹤楼、湖南岳阳楼并称为“江南三大名楼”。在我们回程的路上，会带孩子看其中的两个——滕王阁和黄鹤楼。,比滕王阁，更有名的是《滕王阁序》“落霞与孤鹜齐飞，秋水共长天一色”，古人的名句名篇，依旧可以改变和影响现代的旅游选择，想想也蛮神奇的，这就是文化的力量。,于是，重建了很多次的滕...",共8张》,
,2018-04-25,_U3****8223,滕王阁也算是一个历史悠久的文化古迹了。,,
,2018-04-22,M26****3378,很好玩，每天都很多人。风景也不错。值得进去看看,,
,2018-04-21,jc雅痞,找一个拍摄技术好的，在江南三大名楼都拍上照片。,,
,2018-04-20,偶尔出门品风俗,我们去的时候晚，快五点了。感觉这里是南昌一枚精致的二维码，打开了江西，记住了南昌。 藤王阁上落日圆，桔红的落日把人视线引向对岸，不知是不是这些年南昌这座城市的发展转移?在大江这边的感觉是一一古物有新韵，触目感沧桑。,,
,2018-04-18,bi****5,不错值得一去！滕王阁是个很棒的景区,,
,2018-04-16,ET佬顽童,落霞与孤鹜齐飞 秋水共长天一色。诗句的魅力更甚于如今的“照骗”，初唐诗人王勃将滕王阁的美景描绘得淋漓尽致，于是我们慕名而来参观这座名楼。【位置】：滕王阁位于江西省南昌市东湖区的赣江东岸，属于南昌市区的繁华地带。附近的公交车站滕王阁站，有26/38/52路等公交车经停，步行5分钟可达。而乘坐地铁的游客，则可以选择在万寿宫站下车，从3号出口出站后步行约700米，可以抵达滕王阁的东北门。【门票】：...,共12张》,
,2018-04-15,甜甜旅游,我大滕王阁崛起，落霞与孤鹜齐飞,,
,2018-04-15,威海遇见,"真的不错的,。江西南昌的标志。",,
,2018-04-12,如果有一天-,酒店窗外就能欣赏到音乐喷泉和灯光秀，江对面就是滕王阁，这风景真不是盖的。,,
,2018-04-10,m08****23,每1层都有可参观内容，所以爬起来不会累，注意时间，快下班时就不让上楼了。,,
,2018-04-10,了油刘吃凹超,滕王阁序大家一定都不陌生了吧，中学时期老师就说有机会要亲自去体验一下落霞与孤鹜齐飞，秋水共长天一色的美景。当时站在滕王阁之上眺望远方看到的是长江和一望无际的平原，而如今平原上都盖起了大楼，景色也随之被挡住了。但是来一次还是很有必要的，想象着自己与王勃在不同时空的同一地点......,共5张》,
,2018-04-09,铁鹏,"从小就学过落霞与孤鹜齐飞的名句，所以到了南昌必须要看滕王阁。也跟很多著名的地标一样，充满期待也略有遗憾。现在的滕王阁是现代重建的，确实恢宏威武，但是感觉就是砖木结构的楼，刷上了红漆。可以把它当成一个博物馆去转，每层都有不同的主题，到了楼上后可以远眺,的城市建设，也很有古今隔世的感觉。",,
,2018-04-08,M25****5064,"滕王阁是南昌的一个著名,，感觉比黄鹤楼和岳阳楼好，里面很多历史介绍，展出了三寸金莲，古代乐器等等，在楼上可以看到赣江，景区比较大，有花园，很幽静。",,
,2018-04-07,300****386,值得观览，虽然不是真迹，但还是有一定的观赏性和文化性,,
,2018-04-06,cuckoo,来南昌必来滕王阁，值得推荐，回家补一下滕王阁序,,
,2018-04-05,sayq1,很难想象从小到大最近才第一次去滕王阁,,
,2018-04-04,汪洋,古人的生活太丰富啦！腾王阁履倒履建，能够保存至今日真不容易，也反映出我们的前辈们的聪明与智慧为古人们点赞，也为他们自豪！,,
,2018-04-03,jnww4666,实在有负盛名，说景点吧，太商业化；说商业化吧，又做得不好,,
,2018-04-03,I m老K,可惜的是晚上表演没有了，以前来过一次，看着表演非常带劲，白天楼上的古筝等演出也相当有劲，感觉能带入一种梦境，这次五点多就清园了，有点遗憾,,
,2018-04-03,135****7744,"挺有特色的,，需要慢慢地行走游玩，可以有很多自主休息的地方，携伴而来悠哉悠哉的玩，风景优美，历史沿革的文化令人感叹不已。",,
,2018-04-02,悠然见五山,"滕王阁有很多，最出名的要数南昌的这个，四川,、山东滕州也有，但不如这个名气大。此处因为初唐四杰王勃的诗句“落霞与孤鹜齐飞，秋水共长天一色”而流芳后世。门票50元，可以逐层上楼参观，每层都有一个主题，如第五层有苏东坡手书《滕王阁序》，抬头可见九重天藻井，外面走廊可远眺赣江、抚河。景区目前正在创建5A级，服务人员很多。",,
,2018-04-02,江忆尘,滕王阁，江南三大名楼之一，位于江西省南昌市西北部沿江路赣江东岸，始建于唐永徽四年（公元653年），因唐太宗李世民之弟——滕王李元婴始建而得名，又因初唐诗人王勃诗句“落霞与孤鹜齐飞，秋水共长天一色”而流芳后世。“时来风送滕王阁”，滕王阁因“初唐四杰”之首的王勃一篇骈文——《秋日登洪府滕王阁饯别序》（简称《滕王阁序》）而得以名贯古今，誉满天下。王勃的《滕王阁序》，脍炙人口，传诵千秋。...,,
,2018-04-01,AllenL艾伦伦,抵达市区的酒店，下午出来时已经有些晚，还是决定去滕王阁看一看。江南三大名楼之首，可惜我们抵达时，景区已临近关闭了。眺望这轩昂雄壮的古楼，只能自己想象登高其上时“落霞与孤鹜齐飞，秋水共长天一色”的瑰丽景象。,,
,2018-04-01,青山大人,滕王阁是新建的景区。滕王阁序非常的有名，滕王阁也是。,,
,2018-03-31,豹走原野,白天参观后，夜里又乘船游览赣江两岸，灯光秀美极了。一次难以忘怀的游历，有机会还会再去的。此次美中不足的是碰上了下雨天气。,,
,2018-03-30,TMTBJ,这次又来到南昌，去了滕王阁。这个是四大名楼之一，也是南昌市的地标。很多年前来看过一次。这次又来了与很多年前相比，修缮和维护都不错。就是人太多了......,,
,2018-03-30,M23****4618,"去之前了解一下相关的历史，游玩起来可能会更有意思一些，滕王阁历史上一共毁建28次，现在能看到的是 梁思成先生于,89年复原的 滕王阁，站着阁楼上可以眺望赣江美景！",,
,2018-03-28,菲雪han,"【滕王阁】没有来滕王阁之前，值记得中学的课文一篇《滕王阁序》，其他是还给老师路，今日来到美丽的英雄城南昌，第一件事就是饱览“滕王阁”，她位于南昌的仿古街上，远远的就能够看见雄伟壮观的阁楼，滕王阁下边便是赣江，地铁线路从赣江下穿过。,由海口飞往南昌乘坐机场大巴直接到南昌火车站，住在车站附近，安顿好后与酒店服务员了解，滕王阁要18.00关门，迫不及待出发由南昌火车站广场乘坐7路汽车在沿江...",共20张》,
,2018-03-28,zO_Brave,我们是晚上去的，为了坐游艇看两岸的灯光秀，没有进到滕王阁里面，就只是从外面拍拍照片,,
,2018-03-27,M40****82,"值得一游，门票不贵，满65及以上岁数门票全免。可以玩到晚上九点，景区内七点过开灯，这时侯滕王阁主殿及滕王府,辉煌，就更加美丽了。",,
,2018-03-27,M59****547,去的时候有点热，人非常多，每一层的风景都不一样，上到顶之后发现风景非常漂亮，也不热很舒服！学生可以半票，出来有很多卖小吃的，最怀念那的粆细米粉,,
,2018-03-25,烙印78,"的确是值得一去！历史,很浓！",,
,2018-03-23,Brain_to,滕王阁经历了拆毁复建，现在得滕王阁是近代新修的，听讲解尚可，自己去没什么意思,,
,2018-03-20,M23****0691,建议欣赏鼓楼的时候，请个导游或者讲解，不然真的只是看建筑了，导游可以讲滕王阁的历史发展变迁，增加知识面，不然就枉走一程,,
,2018-03-18,_CFT01****9408124,作为一个南昌人  第一次去看滕王阁  没有看到古味  全是清一色的现代建筑物  连民国风都没有  差评啊  这门票最多值五块 ,,
,2018-03-16,e31****64,值得一去的地方，滕王阁是钢筋混凝土结构，更加雄伟！去是周二，人不多，拍了近500张照片！分地下和地上部分，楼挺高，有8层，登高望远，赣江两岸尽收眼里。,,
,2018-03-15,hsn0825,四大名楼之一，值得游览。,,
,2018-03-14,139****9875,滕王阁也是中国名楼之一，感觉比黄鹤楼和岳阳楼好，景区面积比较大，亭台水榭都有，滕王阁里面有不少展览和图文介绍，有很多版本滕王阁序。,,
,2018-03-13,京都客2018,"2018年初春时节，来到了慕名己久的南昌滕王阁。 年轻时读过初唐四杰王勃的《滕王阁序》，一直就记得南昌有座滕王阁，与武汉黄鹤楼、湖,阳楼并称江南三大名楼，俱是文人墨客留下千古名作的地方。 滕王阁因滕王李元婴始建而得名，又因初唐诗人王勃的“滕王阁序""而声震寰宇。 当你站在赣水江畔，仰望着巍然耸立的滕王阁，你会油然想到，滕王阁现在的存在，已经不是一种文物的意义，而是一个符号和一种纪念。它...",,
,2018-03-13,M96****76,没什么意思 就是因为一首诗而已,,
,2018-03-12,163****795,滕王阁序唱红了这里，王勃是代言人。,,
,2018-03-11,Yesiu,还可以吧，反正进去发现里面居然装了电梯，我是吓了一跳。,,
,2018-03-10,巍巍峨眉,"江南四大名楼之一，赣,一侧，白天可更上一层楼登高望远，一览江景与一江两岸，或是俯瞰整个滕王阁景区。现在的景区已经扩建，除了主楼，还建几栋附属古建，丰富多了。到了夜晚，还有滕王阁夜宴，可以看大型古装表演，再现,，很精彩！还可在景区,观南昌特有的一江两岸灯光秀，很有上海,灯光的味道，但因有了滕王阁本身,的精彩，故又胜之。还可乘游船观赣江两岸。",,
,2018-03-10,110****277,还不错。挺漂亮的人文景观，也,,
,2018-03-09,M25****6248,江南三大名楼之一，来南昌必来之处，整楼气势磅礴，宏伟大气。楼宇最高处，临江而立，风景优美，古现代建筑融合在一起，让人感叹诗画一般的存在。  赞赞,,
,2018-03-08,M26****2578,很漂亮，值得一看，来南昌必须得来一趟。,,
,2018-03-07,M16****083,景区不是很大，但气势磅礴，居高临下看对岸高楼也是一翻风景！,,
,2018-03-05,warmwind,网上预约订票很方便，到了以后刷二维码即可进入，建筑从上往下第二层外观景平台精致优美，值得一看。,,
,2018-03-04,haoyang,"非常值得一游的,，可以慢慢游览、品味人文历史！",,
,2018-03-01,M89****14,2.17去的，人挺多，交通方便，公交站地铁站都挺近。我们是从南昌火车站坐52去的。阴天，在顶上看不了多远。爬楼梯上的，有电梯，据说年纪大的人才给坐。每一层都有些展览，三层五层可走到外面看风景。,,
,2018-03-01,携手深蓝,值得一去，文化内涵很丰富，景色也不错。关键名气大，屡经毁损重建。当地很重视，进入看看就知道下了功夫。,,
,2018-02-27,kkst3737,作为江南三大名楼之一，又是南昌旅游的标志之一，肯定是必去的。,共5张》,
,2018-02-27,Tse的故事,"真的类似滕王阁这种为什么不设置成城市公园呢，可以把滕王阁景区设置为免费公园，然后如果要上滕王阁花个20元门票，这样多好。景区50元真不值，而且这个滕王阁完全是新建的，连地址都不在原有清代滕王阁或者唐代滕王阁上，有几百米的距离。滕王阁里的电梯还只能工作人员坐，也是无语。我觉得怎么还要来，当然南昌也没啥,，时间多的可以来逛，怎么也算南昌地标吧。",,
,2018-02-25,M36****520,总体感觉就是滕王阁还是比校壮观，过年的时候去的，人也不是特别多，走走逛逛，一上午就差不多了。就是门票很贵，50元一张。游玩以后觉得有点不值。,,
,2018-02-25,300****212,"春节带小孩玩玩，可以,里了解江西文化历史，",,
,2018-02-24,劳申瓦斯庞涓,自然风景不错，历史文化厚重，九重天的表演没看到可惜,,
,2018-02-23,hellen198737,和女朋友带着女儿来江西南昌这座城市，怎能不来滕王阁，只是国庆节假期间人太多了,,
,2018-02-23,阳光伟,"值得一去，历史文化知识厚重，最值得带孩子去欣赏。,干净卫生，井然有序，服务周到。",,
,2018-02-22,118****077,不愧为中国三大名楼之一，滕王阁气势恢宏，雄峙江西，雨中游滕王阁别有一番情趣,,
,2018-02-22,51****007,"D5 滕王阁因唐太宗之弟滕王李元婴始建而得名。南昌滕王阁 湖北武汉黄鹤楼 湖,阳楼并称为“江南三大名楼”。很多事物皆因诗词歌赋而闻名。比如初唐诗人王勃《滕王阁序》“落霞与孤鹜齐飞 秋水共长天一色” 使滕王阁成为名楼之一。比如白居易《长恨歌》在日本的流传 使杨玉环为日本所知所敬。//滕王阁先后共重建达29次 屡毁屡建 之前大多2层 最多3层（高10-13米）现阁在,年以,42年梁思成、莫宗江的设计方...",,
,2018-02-22,RedArmy紅軍,南昌滕王閣，值得一遊，免費之表演，可惜是時間太短。,,
,2018-02-22,M11****921,滕王阁在外面看看就可以了，没必要到里面去看，票价还贵,,
,2018-02-21,M25****1920,还好吧。一般般，就是些人文景观，景色还可以。,,
,2018-02-21,侠隐,"滕王阁很小，建在赣,上，历史文化厚重。从南门入，登楼可俯瞰两边景色。但由于,高楼林立，所以视野不算太开阔。,不错，可以看看",,
,2018-02-20,M30****933,景区管理的很好，上到了最高层我喜欢,,
,2018-02-20,186****8739,冬天江水位低，周围环境一般，可能比较适合春夏秋季节；了解滕王阁以及相关历史，值得一览,,
,2018-02-20,M22****399,带着小孩追慕千古名作而来，圆了自己儿时和小孩现实的梦想，出发之前大家已将《滕王阁序》背诵烂熟于心，及至现场，触目所及，各种匾额、楹联、碑刻、题铭均语出其中，顿感亲切无比。现在的滕王阁虽是现代重建，却也飞檐斗拱气势恢宏，登阁凭栏远眺，赣江两岸风物一览无余，阁中各种文化陈列也非常值得一看。,,
,2018-02-20,_CFT01****7203495,值得一去！景好，有内容，如果避开人从众去会更好！！,,
,2018-02-19,禾子大姐姐,作为一个南昌人 第一次来感受滕王阁的震撼 ！ 因王勃的《滕王阁序》而闻名的滕王阁 ——经历了岁月的洗礼 ，重建了无数次 ，终于落成现在的模样。 滕王阁虽气势恢宏 坐地雄伟  但 周围环境实在疏于管理  希望有关部门 可以重视起文物的保护  不要让古人的心血 被现代无知之人所践踏,,
,2018-02-19,136****0772,南昌去了一天，当然是把时间给了滕王阁，看到了出自多位名家之手的王勃的“滕王阁序”，由于是陪六十五岁以上的老人去的，还让老人乘了电梯，真不错,,
,2018-02-18,qsrs7352,小时候读书的时候还感觉不到，自从上次去过后才知道这里面的历史，真的是太激动了。,共9张》,
,2018-02-18,M23****512,不错的地方，特别是还有现场表演戏曲，剑术，舞蹈等一些传统文化内容。,,
,2018-02-17,d07****65,非常值得一去，落霞与孤鹜齐飞，秋水共长天一色，层层楼阁彰显古朴风范，篇篇书画散发文化气息。但也有一定的缺点：一到节假日游客太多，内部太过拥挤。,,
,2018-02-16,虫子,我觉得值得去，带孩子去看看建筑，了解历史 认识历史,,
,2018-02-15,M43****769,"遥感都督的风采！历史的长河！,的未来！",,
,2018-02-15,马百人,"滕王阁和南昌几乎所有的,都一样，没有门票，没有介绍类的小册子。相关信息只能去网站上找。楼内每层有不同的展品，一楼卖瓷器，但是有不同时期滕王阁的木构造模型。以上每层，或者发掘的实物，或者介绍南昌历史文化，或者是江西各地的工艺品。 其次，站在楼内看赣江也是比较值得推荐的，但最好不要局限在主楼，在二层边楼看主楼，会有不同的视觉冲击！ 第三，景区内的工艺品要么极贵，要么没有特色，不能展...",,
,2018-02-10,乍都叻寇准,"滕王阁与黄鹤楼及岳阳楼并称江南三大名楼。为唐太宗之弟李元婴(滕王)所建，因王勃做<滕王阁序>而名传千古。唐宋元明清各朝的滕王阁都不同，现在的是,89年建。除了建筑美观，滕王阁内还有一些文物及历史的展示与介绍。地上有五楼，地下2楼。每隔1~2小时还有戏剧表演，正确时间如照片。",,
,2018-02-09,136****6866,"晚上,很漂亮，灯光也不错，就是太冷了，两边的,竹也不错",,
,2018-02-05,淘胡子,"古有“落霞与孤鹜齐飞，秋水共长天一色”，出自《滕王阁序》，光看两句著名的诗，就能想象滕王阁周边的美，滕王阁坐落于赣江江畔，早几年去过，南昌市民带上身份证是半价票，全票价是50元。每次晚上在,对面，就能看到滕王阁，阁内藏了一些诗人的诗词以及一些画。满满的都是古韵气息，站在阁楼外的走廊上，吹着赣江边上的风，便在想，古人果然很会享受，这里是观赏风景的好地方，也是作诗赋词的好场所。...",,
,2018-02-05,青山大人,滕王阁重新修建以后，显得更加雄伟。,,
,2018-02-03,M22****1118,"南昌很有名的,，值得一去！而且离,近，方便！",,
,2018-02-03,xbeyondyyy,"江南三大名楼，黄鹤楼和岳阳楼都带孩子去了，这次来南昌主要就是为了看滕王阁的。公园门票五十，临江而建，楼高比岳阳楼高，只是,环境一般，特别是赣江治理的不好，影响整体的视觉感官。",,
,2018-02-03,_WeCh****77290,去年春节去过，风景很好，当时好冷,,
,2018-02-02,167****226,值得去看看，历史的演变，文化留传,,
,2018-02-01,萧逸龙,是个86年新建的，规模虽然是历朝历代之最，但毕竟不是古物，还收50门票，确实不值。,,
,2018-01-30,yueyingpiao,没去过的，值得去看看，感受一下名楼风采。,,
,2018-01-27,乞力马扎罗and咖啡,这是一个值得去的地方,,
,2018-01-24,_U3****8223,"南昌市的著名,，来旅游的朋友必去的。",,
,2018-01-24,纯粹的人生才完美,一定要找个好导游，给讲解才能明白，都是历史,,
,2018-01-23,M25****9804,还可以 我们就来咯呕吐吗咯摸摸摸摸,,
,2018-01-23,随堂测验,滕王阁是三大名楼之一，以前背得很熟练的滕王阁序也都不记得了，这是第一次来，觉得还是很壮观的，裙楼也很壮观，背朝赣江，风景尤其好，门票有点小贵，电梯只能65岁以上老人和1岁以下小孩坐。到顶楼风景很好！,,
,2018-01-22,Cy丶簡簡單單,"中国四大名楼之一，和想象中的气势磅礴还是有差距的。,还是很漂亮。",,
,2018-01-21,藏香猪吉祥物,"翻盖新建的东西，连地址都移了，胜在名气。建筑还算有气势，,俯瞰，一般吧。",,
,2018-01-21,蜡笔小新爱玩耍,"一般滕王阁比想象中的要大，,很有气势，比岳阳楼强多了",,
,2018-01-20,横扫千军,滕王阁，江南三大名楼之一[1]，位于江西省南昌市西北部沿江路赣江东岸，始建于唐永徽四年（公元653年），因唐太宗李世民之弟——滕王李元婴始建而得名，又因初唐诗人王勃诗句“落霞与孤鹜齐飞，秋水共长天一色”而流芳后世,,
,2018-01-17,你的意中人是我,一个人刻骨铭心的旅行，  永生难忘,,
,2018-01-16,ajpprincess,"清晨早起，登高望远～50一张小贵～但依然有那么多文人络绎不绝地前来～感觉很有韵味～一起感受勃，三尺微命，一介书生的情怀～～～滕王高阁临江渚，佩玉鸣鸾罢歌舞。,画栋朝飞南浦云，珠帘暮卷西山雨。落霞与孤鹜齐飞，秋水共长天一色！⛵️🏯闲云潭影日悠悠，物换星移几度秋。,阁中帝子今何在？槛外长江空自流。美自天成～早餐！这次是炒的……服务态度都很一般，感觉不太干净……明天去小猪青春待过的地方...",共31张》,
,2018-01-15,沙漠蚂蚁,縢王阁中国四大名楼之一，地处国家中部地区，京九线省份城市之一，中国人民解放军诞生的地方——英雄城:南昌。,,
,2018-01-13,_M15****3565,"值得一去，这里,赏南昌的景色",,
,2018-01-12,cmd633,这里还是值得一起去一趟，是南昌不错的,,
,2018-01-10,M39****918,一篇滕王阁序，流传千古，中国四大名楼之一。,,
,2018-01-07,_CFT01****9881800,江南第一楼，站在滕王阁楼上，观赏赣江两岸，依稀可以品味出唐朝大诗人王勃的“落霞与孤鹜齐飞，秋水共长天一色”，还是感觉非常不错的，和几位老友约在此地吹吹风感觉还是非常棒的，比较喜欢这种感觉。当时去的时候是国庆时分，天气还是非常热的，不过登楼那迎着江面上的风确实非常凉爽，这是个不错的体验。。,,
,2018-01-07,YYyy_Queen,滕王高阁临江渚 有电梯不过一般不让用 登高看看远处的风景。。每上一层楼都有不一样的景致，也就有了不一样的心境。。 就去感受一下当年的《滕王阁序》,,
,2018-01-05,happy小猫,学生证去的超级便宜，就始翻新了很多,,
,2018-01-03,xy****fe,"公交共享单车均可抵达 重建,。",,
,2018-01-03,498534,在去滕王阁的路上看到的一家小店～～觉得挺少女哒晚上的滕王阁～～,,
,2018-01-03,落落的柚子,"璀璨生辉的大牌坊！,雄州雾列，匾额上选的就是滕王阁序里的句子！,进门后果然感觉到俊采星驰，灯光下的滕王阁像极了把仙宫穹宇搬到了人间！,趁着表演还没开始，赶紧先去欣赏灯光下的滕王阁夜景。,晚上滕王阁内部不开放，只能观赏建筑外部的灯光效果。,滕王阁一层悬挂的匾额上走笔飞龙上书四个大字“瑰丽伟特”，乃是怀素当年的草书笔迹，被誉为是“天下第一草书匾”。而最上方的滕王阁三个大字是苏东坡所书。,...",共65张》,
,2018-01-02,107****076,王勃的《滕王阁序》，让我们惦记了好些年！这个元旦，来场说走就走的旅行。去哪呢？不想太奔波，去远的地方时间也不够，那就去临近的省会，不有个滕王阁吗？说走就走，赶紧买了车票，定了酒店，出发！滕王阁，嗯，没让我失望！挺大一个各种阁群组合吧，相对于50的门票，性价比还是不错的。,,
,2018-01-02,bobzhouwei,"中国四大名楼之一，坐落在南昌的赣,上。虽然是后续修复重建的，依然气势滂溥。登到最高处往赣江，有天水共长天一色的感慨。",,
,2018-01-01,听薛之谦度过漫长岁月,"没什么看的。不好玩，票价要50，去拍了几张照片，表明我也来过就闪人了，不好看，对面的,还不错。萍水相逢尽是他乡之客",,
,2017-12-31,M27****800,年底和湖北省教育出版社球队和江西教育出版社踢球，带小家伙出来看看外面精彩的世界,,
,2017-12-28,amykoo,"也算是对历史作一个深度了解的,，可以带孩子去。",,
,2017-12-26,浣花深处,几经波折战火，重建很多次，门票太贵。,,
,2017-12-24,M33****020,真的不错，大气雄伟壮观，一家三口去的。,,
,2017-12-23,Warren9899,"到南昌必到的,！滕王阁在历史上十几次被毁，又十几次重修，现在的滕王阁是上世纪八十年代重建的！王勃的名句“落雁与孤鹜齐飞，秋水共长天一色”令滕王阁名扬天下！现在，赣江西岸高楼林立，王勃《滕王阁序》中的意境再也找不到了！",,
,2017-12-22,ChristinaYu,"教科书里的,，终于亲眼所见。",,
,2017-12-22,王喇嘛,江南三大名楼之一，瑰伟绝特，值得一去的地方,,
,2017-12-20,小红兔,滕王阁序，滕王阁重建多次，文化气息浓厚,,
,2017-12-19,M23****3460,这里很好看，欢迎你们来这里来玩，这里真的好漂亮。,,
,2017-12-16,寨主,值得一看，千年文物。冬天去有点冷。,,
,2017-12-11,E13****91,整个滕王阁竟然有中央空调系统。在炎炎夏日真是舒服。景区很干净。虽然都是新修的，但整体感觉非常好。非常值得一游.景区还有个邮筒，可以当时买了明信片寄回去,,
,2017-12-10,M24****4203,"打卡,，环境比较清幽，人流量也不会很多",,
,2017-12-10,橙色的梦2014,非常好的古木建筑，落霞与孤鹜齐飞，秋水共长天一色，只有亲眼见到才能觉出那独到的韵味和感觉。夜间的景色更是美轮美奂，赣江两岸的特殊视觉盛宴堪称一绝。,,
,2017-12-09,chainpaul,滕王阁序千古流传 景色是真不错,,
,2017-12-08,M38****911,"如果对历史感兴趣还是值得一去，否则会大打折扣。,服务很人性化，65岁以上老人和小朋友可以先坐电梯登顶，然后在逐层观光。",,
,2017-12-08,110****470,景色还是值得去的，历史悠久，门票也合理，那天天气很好，听说晚上还有宫廷式表演，遗憾的是但由于时间问题，没有等到晚上就先走了,,
,2017-12-08,淡若晨星,"里面的东西比较少，,也不是很大，现在的,已经不比当年，看不到王勃笔下“落霞与孤鹜齐飞，秋水共长天一色”的盛景了，不过夕阳下的景色感觉还是可以的！",,
,2017-12-04,Kalai7,值得一去，特别是对历史和文化感兴趣的。,,
,2017-12-03,_WB6****484,也是翻新的，没什么很特别的～～,,
,2017-12-03,M13****255,爬到高处景色还是蛮好，高度适中，不算太辛苦，每层都有小展厅，可以歇歇脚看一下,,
,2017-11-28,鹭岛小草,灰常好！灰常！灰常！灰常好！,,
,2017-11-28,M24****4802,园区很大，很漂亮。现代的痕迹太多。不过景色还是很不错。,,
,2017-11-28,styfp1,"江南三大名楼，到了南昌必去的,。现在的滕王阁已经修建的很漂亮了，不像小时候就那么旧的一座楼阁。",,
,2017-11-26,136****9023,长大以后，似乎没有多少人会关心你是否快乐，很多人只看你有没有出息。但，你自己一定要在乎自己快不快乐。  晚上的滕王阁时在太美了。,,
,2017-11-25,浣花深处,中国著名的江南四大名楼之一，喜欢。,,
,2017-11-23,icebergts,"历史书中的著名,，因王勃的诗流芳千古。",,
,2017-11-23,本是山中客,名气大，太单一，到楼上跑了一身汗，文华底蕴大，但配套文华太少了，旁边江水水位下降了，停车收费倒不贵，夏天到这里会好些吗？,,
,2017-11-22,M24****8440,"落霞与孤鹜齐飞，秋水共长天一色，江南三大名楼之一，值得一去，五层的观景效果最好，可以看到,和南昌市美景，还可以看表演～～",,
,2017-11-20,北京鹏爷,滕王阁是南昌市区最值得去的地方，还是值得去看的,,
,2017-11-19,300****729,"江南 ""三大名楼""之首。""落霞与孤鹜齐飞，秋水共长天一色""。参观的人很多，电梯不能用，带着老人和小朋友出行的游客非常不方便，未能登最高层。",,
,2017-11-19,300****714,非常棒的地方，景区建设的很好，又不失历史底蕴。登上滕王阁，还可以看到赣江全景，让人心旷神怡。滕王阁内每层展示的画作特别的精美，即使不懂的人，看着也是赏心悦目。还会再来的的地方！,,
,2017-11-18,我自我自我,滕王阁还是值得一去的。凭栏远眺，生出怀古之情。难得难得！,,
,2017-11-16,owae8529,"，国内第一高的摩天轮，同时在世界上仅次于拉斯维加斯摩天轮（167米）和新加坡飞行者（165米）摩天轮，为南昌市标志性建筑，可惜没有时间了，只能在江边拍几张，留作记念。,滕王阁，江南三大名楼之首 ，位于江西省南昌市西北部沿江路赣江东岸。该阁始建于唐永徽四年（公元653年），因唐太宗李世民之弟——滕王李元婴始建而得名，因初唐诗人王勃诗句“落霞与孤鹜齐飞，秋水共长天一色”而流芳后...",共13张》,
,2017-11-16,vivi8023,"滕王阁素有“西江第一楼”之美誉，江西南昌滕王阁坐落于赣江与抚河故道交汇处。依城临江，瑰伟绝特，滕王阁与湖北黄鹤楼、湖南岳阳楼为并称为“江南三大名楼。,滕王阁打卡完毕，直冲南昌广福麒麟精品酒店入住。",,
,2017-11-14,本人刘多宝,可以因为王勃去一趟，本身没啥逛的。,,
,2017-11-12,M18****979,来南昌这么多年一直没去看下，这次趁着爸妈来一起去看看，景色还是不错，就是里面的参观物品一般般,,
,2017-11-11,139****5400,悠久的历史，著名的故事，旖旎的风光，壮阔的赣江，新与旧，历史与时尚的碰撞！每一层都有它的故事，每一层都有它的历史，感受古人的昨天，憧憬我们的明天！,,
,2017-11-11,CalvenC,被誉为江南三大名楼之首，临江而建气势宏伟，除了滕王阁主楼之外，还在周围不断地完善配套设施，逐渐形成了一片仿古建筑群。,,
,2017-11-08,M19****179,重新装修以后的滕王阁还是不错的 现代与历史的结合,,
,2017-11-08,_WeCh****916892,滕王阁非常漂亮，周围环境优美，建筑保护的很好，绿色守护的美丽。,,
,2017-11-07,kobayika,白天工作，晚饭过后去滴。有夜游滕王阁的活动，有五场表演。景色很好，表演也不错。值得一游。唯一的遗憾是无法登阁远眺。,,
,2017-11-07,Sarah Hs,位於南昌的滕王閣是江南三大名樓之一，但最原始的滕王閣已被毀，現在看到的建築為重建的，雖列為4A景區，但是看完還是有些失望，畢竟它的週邊已被現在的建築所包圍，不論遠觀，或者由裡向外看，看它單獨佇立在一堆高樓中，慎是違和，實在可惜。,,
,2017-11-06,孙先生599,"11月1日,（武汉汉口--------南昌）,预定的2号的机票回北京了，也玩累了  ,为什么是南昌，因为南昌便宜啊,一折的机票 这个可以有。,南昌最有名的就是滕王阁了，我最爱这种地方蹭导游乐，因为有的地方你确实自己不懂自己看不明白。, 走一走，然后导游姐姐很漂亮，然后制服很帅气。很值得看呢。,偶然逛街看见一台豪车，哈 劳斯莱斯银天使728 比旁边几台新款劳斯气场强多乐。 听说老板家里还有个赣A...",共4张》,
,2017-11-04,一木阿南,"滕王阁位于江西南昌赣江东岸，因唐王勃“落霞与孤鹜齐飞，秋水共长天一色”而出名。但滕王阁历史上兴兴废废28次，现在的滕王阁已是,89年的第29次重建了。",,
,2017-11-03,空白的天空,不错的去处，值得观看，风景很美,,
,2017-11-02,zvzx6037,国庆节过来，差不多十点到，人已经很多了，景区的停车位已经完全停满，去了前面的酒店停车场停的车滕王阁阁下面有一个博物馆，里面有景德镇的瓷文化展，还有圣旨的展示。这是在滕王阁上拍的照片进滕王阁时拍的，景区里80%的人都进去了做的滕王阁的王勃做赋的场景里面玩了半个多小时，善意的提醒，天气太热的时候不要去，里面的楼梯太窄，很闷玩好出来，在两条街外的小巷里吃饭南昌的特色菜，滚刀肉，肥肉吃起...,共9张》,
,2017-11-02,微领旅途,我是下午去的，天气很好，进去里面一会就迫不及待的上去了，想感受一下古人 落霞与孤鹜齐飞 秋水共长天一色 的情怀，站在上面远眺江面，确实感受到自己处于天地沧海一粟。,,
,2017-11-01,你可真顽皮,还可以的后面赣江景色不错票价也不贵,,
,2017-10-31,M23****996,我觉得还可以，值得去看看，值得推荐,,
,2017-10-30,AuditionCastingSir,挺好的！不去不了解，去了以后了解很多，学习到很多。,,
,2017-10-29,闲蛋超人啦,还可以吧，就是表演不是真人是三d的,,
,2017-10-29,w85n,"来南昌肯定先冲着滕王阁来的。。唐代的滕王阁历经各朝代几十次战乱火灾毁坏，早已荡然无存，现在的滕王阁是,重修的钢筋混凝土建筑，但基本保持了原貌，看上去雄伟挺拔。登塔后鸟瞰秋水，真有一种时空穿越的味道。。另外滕王阁晚上的,灯光更美，我是白天来看的，晚上就在江对岸远远望着，也能感觉到震撼。。",,
,2017-10-26,M36****810,腾王阁江南三大名楼之首，景色秀丽，因唐初诗人王勃的《腾王阁序》而名扬四海，历史厚重，承载了千年文化传播，凭栏怀古，为中华文化博大精深而骄傲，不虚此行。,,
,2017-10-26,鹭岛小草,服务好，景色很美，交通便利，很有教育意义,,
,2017-10-25,砰砰猪,建筑很有特点，本人觉得还是值得进去看看。登高远望，心胸开阔。阁内的存放历史图片和实物，游览的时间较短，匆匆拍照。偶尔听到在导游的讲，似乎画面浮现在眼前。,,
,2017-10-25,M34****731,可以逛一下午的    只是电梯做不了 一直走上去走下来。站在顶楼望赣江风景独好   正好赶上还有表演，好几场舞蹈挺有风韵的。,,
,2017-10-25,231****290,"到南昌必去的地方，这是第二次登楼了，白天登楼，晚上隔江相望滕王阁,，灯光映衬出红墙绿瓦的宏伟建筑是南昌市的标志性建筑，同时是一大亮点。",,
,2017-10-24,圣朗海参,"原创||滕王阁叙（下） 文/李书勇 2017-10-24  江西南昌的滕王阁，因初唐四杰“王杨卢骆”之首王勃的代表作《滕王阁序》而名扬天下，而“大李杜”中诗圣杜甫的两首诗，《滕王亭子》和《玉台观》则盛赞,滕王阁风光的秀美和奇异，也从侧面反映了李元婴建造水准越来越高，屡贬屡盖。李元婴不只是“混蛋王爷”，也有其光鲜的一面――善丹青，通音律，懂歌舞。据载，李元婴工于画蝶，被誉为“滕派画蝶”鼻祖。  ...",,
,2017-10-23,M24****3830,买的门票，骑共享单车去的，直接刷身份证进去即可，非常方便快捷。景区内干净整洁，塔内的有些文物，不愧四大名楼之一，值得去。,,
,2017-10-23,圣朗海参,原创||滕王阁叙（上）  文/李书勇  2017-10-18   滕王阁上话滕王。滕王阁，久闻大名，双脚真正踏上滕王阁，却在三十年后，人生半个甲子。  “上大人，孔乙己。”做学生时，曾全文背诵过王勃的《滕王阁序》，现如今也就只能把“落霞与孤鹜齐飞，秋水共长天一色”不打磕巴儿地脱口而出了。  暮秋时节，近在重阳，我自先行登高怀远。赣江之滨，秋水沧沧，孤鹜却没了影踪。遍插茱萸，楼宇之上倒是多了一只老凤。吾...,,
,2017-10-22,享受生活2013,江南三大名楼之一，只是古迹不在。当然若干年后这里会成为古迹。,,
,2017-10-21,风雨尝百味,还是学生时代就知道王勃；滕王阁序，所以来到这里必须要去看看。,,
,2017-10-21,域晴孤踪,滕王阁还是值得一去的，感受历史和南昌的底蕴！,,
,2017-10-21,加利亚尼,个人觉得不用上楼，上面想看诗中的景色是不可能的，现代修建的成分和痕迹太多了,,
,2017-10-20,M19****761,景区不错，值得一去，有浓浓的文学气息，交通便利，坐地铁滕王阁站下，距博物馆图书馆很近。,,
,2017-10-20,recoba_yun,"今天是十一假期后工作日的第一天，一早我们就去社保部门的门口等着希望一开门我是第一个拿号的，这样可以快一点，毕竟我这一趟太远了，希望能快点办好，不过我的运气真的太好了！只用了半天就已经处理好了，必须感谢南昌的社保办事部门，效率真的很高，不过我也是耍了一些手段，哭了一些可怜，毕竟我真的是很远，这里省略一万字，毕竟我们不是社保办理流程。再次感谢，南昌社保部门。,既然一下就办理完成了，...",共91张》,
,2017-10-20,138****3889,综合不错 闭园时间有点早,,
,2017-10-19,吉大港吉姆,景色一般，还好吧，南昌真的是没什么可以玩的，太没意思了，吃的也还好吧，这次去的反正不咋开心，应该是女朋友的问题吧，，，，,,
,2017-10-19,zhlwei,"滕王阁，江南三大名楼之一，位于江西省南昌市西北部沿江路赣江东岸，始建于唐朝永徽四年。,因唐太宗李世民之弟——李元婴始建而得名，,因初唐诗人王勃诗句“落霞与孤鹜齐飞，秋水共长天一色”而流芳后世。滕王阁与湖北武汉黄鹤楼、湖南岳阳楼并称为“江南三大名楼”。滕王阁位于赣江旁边，它是仿宋建筑，是三明暗七，为什么这样说呢？是因为它远看有三层近看有七层，它有57。5米高，占地面积有13万平方米。江...",共9张》,
,2017-10-17,M24****154,非常壮观，比黄鹤楼大气，从楼上看临江风景也不错，每层都有历史文物和相关介绍，可以慢慢看，特别佩服梁思成对重修的贡献，值得一去,,
,2017-10-16,M23****5583,这个真的是一个非常漂亮的建筑。,,
,2017-10-15,Salute-DC,高中时候背的熟烂的一篇文章，依然记得王勃的文采斐然，秋水共长天一色的绝句跃然纸上,,
,2017-10-15,爱敬诚善,"滕王阁因为王勃的一篇《滕王阁序》而名扬九州，经过历朝历代的修缮重建，近代经过梁思成先生的努力，最终成了现在滕王阁的样貌。赣,上滕王阁，登临看洪都之景，可以说是非常美妙的了。不过门票有点贵，散客100元。",,
,2017-10-14,zz****ror,"天气好的时候爬上去眺望下南昌城还是惬意的，江水倒映天空和建筑，视野宽阔，风光无限好，但,本身没啥可看的，全部崭新的，没有历史感。记者证免票。",,
,2017-10-14,Z江S,不错不错不错不错不错不错不错不错不错不错,,
,2017-10-13,_CFT01****1701672,非常值得去，十一期间满园桂花飘香，滕王阁江南三大名楼之首，文化气息浓厚！,,
,2017-10-13,M46****972,"滕王阁，4A,，很值得去看看！",,
,2017-10-13,卡卡尼尔,"去年国庆专门从深圳去了南昌玩两天。不过是第一次近距离看着滕王阁。是南昌的特色,之一。夜市文化瑰宝",,
,2017-10-13,柴大官人,一座城因一首序而闻名，一个序因一座阁而名扬天下,,
,2017-10-13,L-Y-N,"在赣,，园区很大，登楼观景，景色不错，有景区停车场。楼内收藏的藏品挺多，有书画，有各朝代滕王阁的楼不同外观，赞一个！！",,
,2017-10-12,M23****6552,虽然不是原址原景，但值得看看。,,
,2017-10-12,斯波兹曼,学习下历史知识还是不错，老人腿脚不好就不要来了。,,
,2017-10-12,_WeCh****133751,不错，江西物华天宝，滕王阁序名满天下，有些地方，有些情怀需要我们用心感受。在江西求学四年，第一次去看江南名楼，幸福感满满,,
,2017-10-12,明朝清风,南昌准确的来说，不能算一个适合旅游的地方，滕王阁，在南昌而言，真心是一个不错的去处。楼挺大，大概需要2-3个小时逛完，阁楼是重建的，历史意义不强，但阁楼里有不少博物馆非常值得一看，建议1小时逛楼，2 小时看馆，顶楼的表演很鸡肋，没有去的必要，晚上的游轮倒是不错，就是贵了一点。,,
,2017-10-11,投入你的爱,可以，不错，门票也不贵，喜欢，照了好多照片。,,
,2017-10-11,L-Y-N,"建筑在赣江旁，,有停车位，景区内也有停车场。",,
,2017-10-10,M22****614,非常好，性价比非常高！！！！！,,
,2017-10-10,M24****0906,是中国著名的楼阁之一，历史悠久。,,
,2017-10-10,288****792,经过几番修建才有现在的滕王阁的雄伟、耸立在赣江岸上、浏览整个赣江、滕王阁分六层、每层都有它的各色、文化、是中国名楼之一、强,,
,2017-10-09,gaoluoluo,就是个吭,,
,2017-10-09,奔跑的小东东,"【滕王阁：江南三大名楼之一】,南昌，简称 “洪”，又称洪城、英雄城，位于赣江、下游，濒临中国第一大淡水湖,西南岸，自古就有“粤户闽庭，吴头楚尾”、“襟三江而带五湖”之称。想到江西必会想到这英雄城，而想到这英雄城又怎会不想到盛誉不衰的“江南三大名楼”之一的滕王阁呢？滕王阁主体建筑净高57．5米，建筑面积13000平方米。其下部为象征古城墙的12米高台座，分为两级。台座以上的主阁取“明三暗...",共5张》,
,2017-10-08,四月蓝风,"很美，楼不是很大，风景好。下午在,吹风很舒服，滕王阁只是名气比较大，实际上里面没有多少看点。再说一次，,真心美。",,
,2017-10-08,300****030,江南四大名楼，旅游的人比较多，登高望远确实舒畅,,
,2017-10-08,M28****377,"来到南昌，滕王阁是必去的,哦",,
,2017-10-07,288****859,"滕王阁,很漂亮。能眺望赣江和,。",,
,2017-10-07,M16****061,阁可历经百年，而以诗历二十九次重建，跨越干车年，看来文化传承的重要性。,,
,2017-10-07,遂川啪口水,嗯，主要是让小孩子体验一下江西的文化底缊，值得去！！！,,
,2017-10-07,_CFT01****2842407,大气，很有登高望远的感觉！不虚此行！,,
,2017-10-07,_WeCh****96482,票价50，也不贵，一票两用(上滕王阁的时候需要验票)，慢慢走的话，走两个小时左右吧。,,
,2017-10-07,_WeCh****82383,不错，性价比比较高，但是主楼人太多没上去挤了,,
,2017-10-07,_CFT0****0905,腾王阁风景很美，值得你来看哦，很棒哦,,
,2017-10-07,M16****478,滕王阁还是不错的，取票也很顺利,,
,2017-10-07,M54****582,景区很大，环境很好，纪念品商店不多，60以上老人半价，就是门口修路不太好走。楼里的展览很丰富。,,
,2017-10-06,M23****461,跟武汉的黄鹤楼一样，不值得去，就一座亭子，还要支付停车费、门票,,
,2017-10-06,_WeCh****35588,"是南昌必去的一个,，就是人太多，进去爬楼梯时很闷热。网上订票便宜又方便，凭身份证就可以进去，省去了排队买票取票的时间。",,
,2017-10-06,M23****7703,“落霞与孤鹜齐飞，秋水与长天一色”;登了滕王阁却不见了文章所描述的美景，心中有点遗憾。,,
,2017-10-06,菲诺芙岛伯颜,"千年古楼，经过了29次重建，最近一次为89年重阳节完成，采用了现代的钢筋混泥土结构并结合建筑大师梁思成的,42的古楼研究构想。江南第一名楼，因滕王及初唐四杰之王勃的《滕王阁序》闻名于世。滕王阁景区结合了3D无息投影历史，介绍啦唐宋元明清及现代滕王阁建筑模型，真的很棒。同时有江西特色，名山大川壮丽与80多位名人伟迹，瓷器，大唐舞乐…………",,
,2017-10-05,梅兰竹菊,"江南三大名楼之一，正在创建,景区。",,
,2017-10-05,M24****9280,"它是梁思成照宋阁修建的，气势宏伟，登楼可看赣江和,，值得一游",,
,2017-10-05,M24****8048,南昌的地标，江西的名楼，来了南昌都会去吧。,,
,2017-10-05,135****0158,值得一去，最好请一个讲解员，感觉很不错！,,
,2017-10-05,肥土豆丝,一篇千古文章，一曲肝肠断，古色古香的一条街,,
,2017-10-04,M24****9280,值得大家参观，境色优美，如入仙境。,,
,2017-10-04,网风,"晚上去滕王阁别有一番,，以后白天可不去了",,
,2017-10-04,小蛮娘,慕名而来确实有看头！滕王阁虽然经历了几番摧毁和重建，但不得不说一次比一次来得壮观，体现了从古至今人们对滕王阁的重视和热爱！,,
,2017-10-04,_CFT0****5161,很值得去，楼阁不错有那种如邻仙境之感,,
,2017-10-04,LIUT0112,上面风很大，炒鸡凉快，由于下午去的晚，就匆匆忙忙的看了主楼,,
,2017-10-04,139****8227,"为了收门票把滕王阁主建筑全部围起来了，其实主题建筑是钢筋水泥结构的，除了站在楼上围栏看到的赣江风景还行以外，里面真心没啥意思。但是到了南昌也只能去看看。最奇葩的是地铁站距离,至少有1公里。",,
,2017-10-03,186****9968,景色不错，国庆人也可以，不算太挤。,,
,2017-10-03,M23****7088,"不愧是南昌的标志性,！高大雄伟，登上以后可以看到南昌的市区全景！里面全是历代文人墨客的书法作品！很好的文化遗产！值得推荐！",,
,2017-10-03,_WeCh****46266,非常好 我觉得是南昌最值得去的地方 个人觉得比武汉的黄鹤楼要好一点 今天去的时候早也不用排队 人也比较少 非常好 开心开心,,
,2017-10-03,_WeCh****09725,站在底下看外观雄伟壮观，但是里面确实可玩性不高，没办法名气实在太大了，门票也不算太贵,,
,2017-10-03,M53****924,景观还不错，就是节假日的游客太多，影响体验,,
,2017-10-03,M60****417,这里非常值得一去，中国历史教科书，从中获取更多知识，看到中国古代人民的伟大智慧，是我们更加体会到中华民族伟大精神和聪明智慧。,,
,2017-10-03,135****0665,非常适合旅行的地方！很好很愉快！,,
,2017-10-03,小云儿儿,很好还是好的好的电光火石好的好的,,
,2017-10-02,宇and凌,"下午休整后，我和先生便从酒店骑小黄车到江对岸的滕王阁，中间横穿,，一只黑猫一只白猫对立在桥的两侧。,         滕王阁白天全价50元／人，这次是18：00结束。主阁人非常多，我和先生看的较快，下午4点半进入，花了一个半小时。到点后，工作人员便开始清场，因为要为夜场的游客做准备，夜场120元／人。,        晚上的滕王阁经过了灯光的包裹，古感十足…八一桥这是最顶部的立体设计给视觉无限的延伸...",共8张》,
,2017-10-02,M23****0284,落霞与孤鹜齐飞，秋水共长天一色，绝佳的妙处，我在滕王阁游览了近四个小时，还是意犹未尽，登高望远，心旷神怡，还会再去细细品味一番,,
,2017-10-02,M26****815,"滕王阁景区，是一个非常值得去的,，它的建筑非常让人震撼，它的历史悠久，滕王阁顶层还有表演，特别好看，个人比较喜欢，登上阁楼远望，赣江的美景尽收眼底，非常漂亮，强力推荐！有就会还回去参观。",,
,2017-10-02,M18****496,"滕王阁这个,非常值得去，它的建筑非常震撼，红色为此建筑的主色调，特别艳丽，登上楼阁，南昌赣江的景色尽收眼底，非常棒！强力推荐!",,
,2017-10-02,M50****626,一层一层的体验 是文字描述不了的魅力 我喜欢滕王阁 也喜欢，和喜欢的人一起登阁。,,
,2017-10-02,137****7721,地方还挺大，至少要两三个小时。,,
,2017-10-02,万古云霄,配套还在建设，夜游不错，看看气势，给江景添彩,,
,2017-10-02,_CFT0****9262,落霞与孤鹜齐飞，秋水天长共一色，来到滕王阁终于体会到当年王勃滕王阁序优美的景色，来到南昌必须去滕王阁参观，还碰到以前的同学，真是满载而归。,,
,2017-10-01,M23****8009,很有气势，很有内涵，里面充满啦，古老的文化气息，尤其是经历啦这么多年代，这屹立不倒精神是小辈们学习，所以不愧是南昌的标杆。,,
,2017-10-01,_CFT0****8592,"景色很好，,服务也挺好，免费的东西也很多",,
,2017-10-01,M24****8920,周年庆值得去，毕竟四AAAA景区,,
,2017-09-30,L-Y-N,建筑很有特色，楼下还有各时期该楼的建筑模型。,,
,2017-09-29,300****697,"南昌的大,，增加了好多人文表演",,
,2017-09-28,M48****426,江南第一名楼，很壮观，楼内的楼梯有些狭小，人多时有些拥挤，登到楼顶观景有不错，,,
,2017-09-28,205****671,"腾王阁一定要晚上来，白天的腾王阁显得平淡，,现代建筑让它缺了“落霞与孤鹜齐飞，秋水共长天一色”的意境。 而一入夜，腾王阁,辉煌，临赣江而独美，重现王勃笔下的洪州胜景，腾阁盛况。 另外一定要看“腾王宴乐”古装表演，让人如梦似幻，重回盛唐。",,
,2017-09-27,M22****5727,门票五十  江景不错  周围有博物馆和图书馆  很好,,
,2017-09-27,此心无障,是南昌的地标性建筑，中国四大名楼之一，已经改建成有电梯的钢筋水泥仿古建筑。登顶看赣江两岸和南昌的市容也都是大都市的众多高层建筑，一般。,,
,2017-09-26,lyaf4807,出差一次来南昌，慕名而来一睹滕王阁的容颜，了却的书中的向往心愿，感觉很不错。,共4张》,
,2017-09-25,M31****913,不错的一个地方 南昌还是不错的,,
,2017-09-24,M26****495,第一次网上订票，很方便，已是第二次玩腾王阁了，还是很不错的，到南昌必须要来的地方,,
,2017-09-24,_M18****2579,很值得一去，这里应该是南昌最值得去的地方。,,
,2017-09-22,_U3****8223,"来南昌旅游必去的一个地方，也是一个有着悠久历史的,，推荐。",,
,2017-09-22,_CFT01****5112538,特别美，如果是穷游，不建议买门票，毕竟里面也就那样，但想体验一下古人的登高望远也是可以的,,
,2017-09-22,一生相随,落霞与孤鹜齐飞，秋水共长天一色。当我走在滕王阁里面时，脑子里不停的想象这个画面，震撼！！想象中回到了那个时代……,,
,2017-09-20,浪迹天涯的双鱼,"阴雨绵绵的南昌，等不及到酒店放下行李再出门，就直奔滕王阁和,去了～  滕王阁，唐高祖第二十二子，唐太宗之弟""滕王""李元婴创建，因王勃的「滕王阁序」而名传千古；与黄鹤楼、岳阳楼并称江南三大名楼。。。  不知是否名气太大让我有过高期待值，还是因为时代巨轮推翻了审美标准，凭良心说，我觉得诗词中的滕王阁比较美，我还是去书中继续想象那秋水长天，渔舟唱晚的美景好了",,
,2017-09-15,M18****585,滕王阁楼雄伟壮观，景色怡人，历史文化博深,,
,2017-09-13,网壳空间,"江西省南昌市，这个共产党武装革命打响第一枪的地方，这里不仅有浓烈红色文化，更有展现历史的古典美景。滕王阁，这个江南三大楼之一，由一首而享誉神州： 《滕王阁》  唐 · 王勃  滕王高阁临江渚，佩玉鸣鸾罢歌舞。  画栋朝飞,云，珠帘暮卷西山雨。  闲云潭影日悠悠，物换星移几度秋。  阁中帝子今何在？槛外长江空自流。",,
,2017-09-12,事事随缘,"滕王阁与黄鹤楼、岳阳楼并称为""江南三大名楼""。中国古典建筑的巅峰代表之作，始建于唐永徽四，世界文化遗产，是游客到南昌的必到之地。",,
,2017-09-12,有李吃遍天下,"江南三大名楼之首，因唐太宗李世民之弟——滕王李元婴始建而得名，又因初唐诗人王勃诗句“落霞与孤鹜齐飞，秋水共长天一色”而流芳后世。滕王阁与湖北武汉黄鹤楼、湖,阳楼并称为“江南三大名楼”。历史上的滕王阁先后共重建达29次之多，屡毁屡建。",,
,2017-09-12,M13****944,"提前一天买的票，性价比超高的。,也不错，就是南昌的天气啊，太热！",,
,2017-09-11,佐或佑,晚上去看灯光超级漂亮太美了 来南昌必须去看看,,
,2017-09-10,景摄,可以去看看玩玩，南昌的小吃也很好吃。免费的博物馆一定要去参观一下。,,
,2017-09-10,事事随缘,"滕王阁，江南三大名楼之一，是中国古代建筑艺术独特风格和辉煌成就的杰出代表，象征着中国五千年积淀的文化、艺术和传统。滕王阁是南方唯一一座皇家建筑，位于江西省南昌市西北部沿江路赣江东岸，始建于唐朝永徽四年，它与湖北黄鹤楼、湖,阳楼为并称为“江南三大名楼”，因初唐才子王勃作《滕王阁序》让其在三楼中最早天下扬名，故又被誉为“江南三大名楼”之首。历史上的滕王阁先后共重建达29次之多，屡毁...",,
,2017-09-09,_WeCh****033274,博物馆，一般般，但还值得去一下,,
,2017-09-09,e05****13,由于是重建的，阁内没什么意思，但站在上面俯瞰赣江很是舒服，可以同时看到古典与现代的有机融合,,
,2017-09-09,nietongshadow,"7月26日上午10:22黄山北---南昌西,计划中黄山的下一站是庐山，查了一下黄山到庐山没有直达的动车，必须要到南昌转车，那就可以顺便去趟滕王阁，滕王阁是江南三大名楼之首、中国四大名楼之一，分别是滕王阁、黄鹤楼、岳阳楼、鹳雀楼。孩子三年级已经学了三个、只有滕王阁还没学到，但是也是很有意义的。先插入两张后来在鹳雀楼拍的三大名楼的照片（图60）和鹳雀楼的照片（图61）给大家先睹为快一下哈哈。,这四...",共6张》,
,2017-09-09,M23****0063,"南昌市区的署名,，其他地方可以不去，这里还是要来看的，滕王阁主楼里面还是有很多值得看的～票价很值，看完主楼还可以去旁边的滕王府走一走，",,
,2017-09-09,M23****8427,还好！景区风景不错，滕王阁主阁将古建筑与现代科技结合，既增加游览趣味又丰富人见识！,,
,2017-09-08,clozet,典型的不去遗憾，去了后悔的景区。现在的滕王阁，早已不是王勃笔下的“落霞与孤鹜齐飞，秋水共长天一色”了，中间不知道重建了多少次，规模比原来小了很多，不过里面的彩绘壁画倒是很好看。,,
,2017-09-08,东海老谢,走了这里，南昌就没别的地方可以玩了,,
,2017-09-07,M23****4336,早听说南昌滕王阁高端大气，此次送小孩上学有幸来南昌到此一游，整体感觉干净，大气。,,
